,PPPP,ST,PTI,PML-Q,MQMP,IND,MMA,MQM,PPP-SB,PML-N,NMP,PAT,PML-F,TI,PMKP,LPP,PFP,SURA,PMA,PIT,PML-Z,PML-J,ANP,AQP,PAP,LPP-K,PKMAP,BNDP,JWP,QJP,IP,PWrP,BNP,BNM,IMH,KJPP,JQM,BNC,TJP,PWP,PSDP,PJAP,MJH,PPP-S,HQM,PDP,PQA,PSP,SPP,TPP,QIP,MNAKA,PGP,PML-Jinnah,NPP-WG,JUP-NS,PATI,THP,MM,SSMP,PSPP,MIT,NWP,District
0,0.14830574916906797,0.044030084639096946,0.020092101726853075,0.020241078010011477,0.03225147134206442,4.06357430631704e-05,0.2598743059619956,0.3653023687776549,0.005497241960579184,0.02985436354050417,0.0018853565566797027,0.0043152243924806195,0.00016574304368413757,3.905315622726984e-05,3.0987299825142104e-05,0.00035825120391381164,0.000791892513459652,0.00045430964405113986,0.01324842303631186,6.479021818946191e-05,0.0006746475677002823,6.1010461151849204e-05,0.007306017706737119,5.091397299186996e-05,0.00032821863227337815,2.8475069729195143e-05,0.00012719373884655273,0.0,0.0,0.0,0.0,0.0,0.0,0.0,0.0,0.0,0.0,0.0,0.0,0.0,0.0,0.0,0.0,0.0,0.0008036672834748185,0.002077270360338118,0.0,0.0,0.0,0.0,0.0,0.0,0.0,0.0,0.0,0.0,0.0,0.0,0.0,0.0,0.0,0.0,1.3601940264463571e-05,karachi
1,0.10971094970412473,0.0,0.010041604190326094,0.14363388599209995,0.0,0.0,0.27950324981878116,0.0029799537620843557,0.0,0.04702173806847502,0.0,0.0022391382963923203,0.004766949152542373,0.0,0.0,0.0,0.0,0.0,0.0,0.0,0.0,0.0,0.00585110770306717,0.0,0.0,0.0,0.10087023008395361,0.02650620345436688,0.0029113084216236622,0.0006316894729711421,0.0002557241566183444,0.000477613096637755,0.06524366119680625,0.0030907379930492627,0.013733269348114502,0.00022767979114173825,0.0013259635247939694,0.010342067407531847,0.0001916243589215103,0.003813636501624116,0.0,0.0,0.0,0.0,0.0,0.0,0.0,0.0,0.0,0.0,0.0,0.0,0.0,0.0,0.0,0.0,0.0,0.0,0.0,0.0,0.0,0.0,0.0,quetta
2,0.0013835519413146913,0.0,0.00040659751024245893,0.15211760884243136,0.0,0.0,0.48724014471914984,0.0,0.0,0.0002779662739700514,0.0,0.0,0.0,0.0,0.0,0.0,0.0,0.0,0.0,0.0,0.0,0.0,0.047307934255067005,0.0,0.0,0.0,0.20362951079793956,0.0,0.0,0.0,0.0,0.0056271206791509345,0.0,0.0,0.0,0.00018523508015627104,0.0,0.0,0.0,0.0,0.0,0.0,0.0,0.0,0.0,0.0,0.0,0.0,0.0,0.0,0.0,0.0,0.0,0.0,0.0,0.0,0.0,0.0,0.0,0.0,0.0,0.0,0.0,pishin
3,0.036474254922773466,0.0,0.0,0.04546812805169283,0.0,0.0,0.28537968115601037,0.0,0.0,0.00018928550563767016,0.0,0.0,0.0,0.0,0.0,0.0,0.0,0.0,0.0,0.0,0.0,0.0,0.15208160145142813,0.0,0.0,0.0,0.3743181990149293,0.0,0.0,0.0,0.0,0.0,0.0,0.0,0.0,0.00204431350148814,0.0,0.0,0.0,0.0,0.0,0.0,0.0,0.0,0.0,0.0,0.0,0.0,0.0,0.0,0.0,0.0,0.0,0.0,0.0,0.0,0.0,0.0,0.0,0.0,0.0,0.0,0.0,killa
4,0.06395990191966396,0.0,4.7276853252647505e-05,0.19924145834701487,0.0,0.0,0.1943439918688473,0.0,0.0,0.09062554296926317,0.0,0.0,0.0,0.0,0.0,0.0,0.0,0.0,0.0,0.0,0.0,0.0,0.006488823889188806,0.0,0.0,0.0,0.12478602470009204,0.0,0.0,0.0,0.0,0.0,0.0,0.0054667734594505265,0.0,0.034984871406959155,0.0,0.0,0.0,0.0,0.0,0.0,0.0,0.0,0.0,0.0,0.0,0.0,0.0,0.0,0.0,0.0,0.0,0.0,0.0,0.0,0.0,0.0,0.0,0.0,0.0,0.0,0.0,loralai
5,0.009666423266455896,0.0,0.006572991670957839,0.01950223867010203,0.0,0.0,0.330866772699116,0.0,0.0,0.0032051328461507626,0.0,0.0,0.0,0.0,0.0,0.0,0.0,0.0,0.0,0.0,0.0,0.0,0.16491376806410785,0.0,0.0,0.0,0.19204242919732512,0.0,0.0,0.0,0.0,0.0,0.0,0.0,0.0,0.045917856044265855,0.0,0.0,0.0,0.0,0.0,0.0,0.0,0.0,0.0,0.0,0.0,0.0,0.0,0.0,0.0,0.0,0.0,0.0,0.0,0.0,0.0,0.0,0.0,0.0,0.0,0.0,0.0,zhob
6,0.05096308186195827,0.0007070243827868226,0.001783091350771143,0.2778821973320806,0.0,0.0,0.031046136491856113,0.0,0.0,0.000171978903921119,0.0,0.0,0.0,0.0,0.0,0.0,0.0,0.0,0.0,0.0,0.0,0.0,0.008053923507146489,0.0,0.0,0.0,0.027438646100421293,0.0,0.3581957438949438,0.0,0.0,0.0,0.0,0.04746553867013163,0.0,0.0,0.0,0.0,0.0,0.0,0.0,0.0,0.0,0.0,0.0,0.0,0.0,0.0,0.0,0.0,0.0,0.0,0.0,0.0,0.0,0.0,0.0,0.0,0.0,0.0,0.0,0.0,0.0,sibi
7,0.1999896693002067,0.0,0.0,0.29537732472587225,0.0,0.0,0.06417889946843204,0.0,0.0,0.0031711153836550226,0.0,0.0,0.0,0.0,0.0,0.0,0.0,0.0,0.0,0.0,0.0,0.0,0.0,0.0,0.0,0.0,0.0,0.0,0.11255473290343125,0.0,0.0,0.0,0.001617214835717656,0.0,0.0,0.0,0.11873749404675947,0.0009305003991981754,0.0,0.0,0.0,0.0,0.0,0.0,0.0,0.0,0.0,0.0,0.0,0.0,0.0,0.0,0.0,0.0,0.0,0.0,0.0,0.0,0.0,0.0,0.0,0.0,0.0,nasirabad
8,0.1775432234793789,0.0,0.005443254269028677,0.0,0.0,0.0,0.043321270734914576,0.0,0.0,0.0,0.0,0.0,0.0,0.0,0.0,0.0,0.0,0.0,0.0,0.0,0.0,0.0,0.0,0.0,0.0,0.0,0.0,0.0,0.011474327224698697,0.0,0.0,0.0,0.0,0.0654498125213256,0.0,0.0,0.0,0.0,0.0,0.0,0.0,0.0,0.0004265037697429971,0.0,0.0,0.0,0.0,0.0,0.0,0.0,0.0,0.0,0.0,0.0,0.0,0.0,0.0,0.0,0.0,0.0,0.0,0.0,0.0,kachhi
9,0.028656009518548593,0.0,0.0,0.014496169711255155,0.0,0.0966855572728834,0.4464798050376267,0.0,0.0,0.0,0.0,0.0005107051659791789,0.0,0.0,0.0,0.0,0.0,0.0,0.0,0.0,0.0,0.0,0.0,0.0,0.0,0.0,0.0,0.1124560352966145,0.0,0.0,0.0,0.0,0.16937015073805353,0.09636613631899431,0.0,0.0,0.0,0.008342250227876194,0.0,0.0,0.0,0.0,0.0,0.0,0.0,0.0,0.0,0.0,0.0,0.0,0.0,0.0,0.0,0.0,0.0,0.0,0.0,0.0,0.0,0.0,0.0,0.0,0.0,kalat
10,0.0,0.0,0.0,0.0789290874736023,0.0,0.00191730576858953,0.203673667094768,0.0,0.0,0.00038557676966441526,0.0,0.0,0.0,0.0,0.0,0.0,0.0,0.0,0.0,0.0,0.0,0.0,0.0,0.0,0.0,0.0,0.0,0.2805655268715298,0.0,0.0,0.0,0.0,0.2900075485046925,0.10795706358914357,0.0,0.0,0.0,0.0041872194582744425,0.0,0.0,0.0,0.0,0.0,0.0,0.0,0.0,0.0,0.0,0.0,0.0,0.0,0.0,0.0,0.0,0.0,0.0,0.0,0.0,0.0,0.0,0.0,0.0,0.0,khuzdar
11,0.11819661054344378,0.0,0.0,0.5202250286324943,0.0,0.0,0.051014689647341176,0.0,0.0,0.0,0.0,0.0,0.0,0.0,0.0,0.0,0.0,0.0,0.0,0.0,0.0,0.0,0.0,0.0,0.0,0.0,0.0,0.017399524939849025,0.00476426867441636,0.0,0.0,0.0,0.15044580333965546,0.13180505922785202,0.0,0.0,0.0,0.0008204286739821557,0.0,0.0,0.0,0.0,0.0,0.0,0.0,0.0,0.0,0.0,0.0,0.0,0.0,0.0,0.0,0.0,0.0,0.0,0.0,0.0,0.0,0.0,0.0,0.0,0.0,awaran
12,0.064357223884471,0.0,0.0,0.20499569849474455,0.0,0.0,0.3142497065943012,0.0,0.0,0.0002822539258955147,0.0,0.0,0.0,0.0,0.0,0.0,0.0,0.0,0.0,0.0,0.0,0.0,0.0,0.0,0.0,0.0,0.0,0.014719397413964799,0.0,0.0,0.0,0.0,0.0027455609155290976,0.17030652532098112,0.0,0.0,0.0,0.0073129426254747,0.0,0.0,0.0,0.0,0.0,0.0,0.0,0.0,0.0,0.0,0.0,0.0,0.0,0.0,0.0,0.0,0.0,0.0,0.0,0.0,0.0,0.0,0.0,0.0,0.0,kharan
13,0.0,0.0,0.0,0.004958974161940981,0.0,0.12408154323206903,0.0661778185697089,0.0,0.0,0.0,0.0,0.0,0.0,0.0,0.0,0.0,0.0,0.0,0.0,0.0,0.0,0.0,0.0,0.0,0.0,0.0,0.0,0.08377405290791531,0.0,0.0,0.0,0.0,0.033040076628296985,0.44032187543429857,0.0,0.0,0.0,0.0,0.0,0.0,0.0,0.0,0.0,0.0,0.0,0.0,0.0,0.0,0.0,0.0,0.0,0.0,0.0,0.0,0.0,0.0,0.0,0.0,0.0,0.0,0.0,0.0,0.0,kech
14,0.0004584819154355578,0.0,0.0,0.21915435557819662,0.0,0.0,0.5218543046357615,0.0,0.0,0.0,0.0,0.0,0.0,0.0,0.0,0.0,0.0,0.0,0.0,0.0,0.0,0.0,0.07432501273560876,0.0,0.0,0.0,0.16597045338767194,0.0,0.0,0.0,0.0,0.008965868568517575,0.0,0.0,0.0,0.0,0.0,0.0,0.0,0.0,0.0,0.0,0.0,0.0,0.0,0.0,0.0,0.0,0.0,0.0,0.0,0.0,0.0,0.0,0.0,0.0,0.0,0.0,0.0,0.0,0.0,0.0,0.0,ziarat
15,0.012616624257845632,0.0,0.0,0.11556403731976252,0.0,0.0,0.2143765903307888,0.0,0.0,0.0,0.0,0.0,0.0,0.0,0.0,0.0,0.0,0.0,0.0,0.0,0.0,0.0,0.0,0.0,0.0,0.0,0.30714588634435963,0.0,0.0,0.0,0.0,0.0,0.0,0.0,0.0,0.0,0.0,0.0,0.0,0.0,0.0,0.0,0.0,0.0,0.0,0.0,0.0,0.0,0.0,0.0,0.0,0.0,0.0,0.0,0.0,0.0,0.0,0.0,0.0,0.0,0.0,0.0,0.0,musakhail
16,0.0,0.0,0.0,0.0,0.0,0.0,0.0,0.0,0.0,0.0,0.0,0.0,0.0,0.0,0.0,0.0,0.0,0.0,0.0,0.0,0.0,0.0,0.0,0.0,0.0,0.0,0.0,0.0,0.0,0.0,0.0,0.0,0.0,0.004348029360886437,0.0,0.0,0.0,0.0,0.0,0.0,0.0,0.0,0.0,0.0,0.0,0.0,0.0,0.0,0.0,0.0,0.0,0.0,0.0,0.0,0.0,0.0,0.0,0.0,0.0,0.0,0.0,0.0,0.0,barkhan
17,0.0,0.0,0.003346035876940236,0.0688725718003532,0.0,0.0,0.1541964866623292,0.0,0.0,0.026768287015521888,0.0,0.0,0.0,0.0,0.0,0.0,0.0,0.0,0.0,0.0,0.0,0.0,0.0,0.0,0.0,0.0,0.12157263686216191,0.0,0.0,0.0,0.0,0.0,0.0,0.0,0.0,0.09610558602100568,0.0,0.0,0.0,0.0,0.07035969885677107,0.04284784831304025,0.0,0.0,0.0,0.0,0.0,0.0,0.0,0.0,0.0,0.0,0.0,0.0,0.0,0.0,0.0,0.0,0.0,0.0,0.0,0.0,0.0,sherani
18,0.0014711575687185443,0.0,0.0,0.0013937282229965157,0.0,0.0,0.21819589624467672,0.0,0.0,0.0,0.0,0.0,0.0,0.0,0.0,0.0,0.0,0.0,0.0,0.0,0.0,0.0,0.23453348819202477,0.0,0.0,0.0,0.2957026713124274,0.0,0.1927216415021293,0.0,0.0,0.0,0.0,0.0,0.0,0.0,0.0,0.0,0.0,0.0,0.0,0.0,0.0,0.0,0.0,0.0,0.0,0.0,0.0,0.0,0.0,0.0,0.0,0.0,0.0,0.0,0.0,0.0,0.0,0.0,0.0,0.0,0.0,harnai
19,0.0,0.0,0.0005018894662257912,0.4319792158715163,0.0,0.0,0.0,0.0,0.0,0.0,0.0,0.0,0.0,0.0,0.0,0.0,0.0,0.0,0.0,0.0,0.0,0.0,0.0,0.0,0.0,0.0,0.0,0.0,0.0,0.0,0.0,0.0,0.0,0.01254723665564478,0.0,0.0,0.0,0.0,0.0,0.0,0.0,0.0,0.0,0.0,0.0,0.0,0.0,0.0,0.0,0.0,0.0,0.0,0.0,0.0,0.0,0.0,0.0,0.0,0.0,0.0,0.0,0.0,0.0,kohlu
20,0.0,0.0,0.0,0.0,0.0,0.0166056338028169,0.0,0.0,0.0,0.0,0.0,0.0,0.0,0.0,0.0,0.0,0.0,0.0,0.0,0.0,0.0,0.0,0.0,0.0,0.0,0.0,0.0,0.0,0.9833943661971831,0.0,0.0,0.0,0.0,0.0,0.0,0.0,0.0,0.0,0.0,0.0,0.0,0.0,0.0,0.0,0.0,0.0,0.0,0.0,0.0,0.0,0.0,0.0,0.0,0.0,0.0,0.0,0.0,0.0,0.0,0.0,0.0,0.0,0.0,dera
21,0.10447320100359618,0.0,0.0,0.5011293042322148,0.0,0.00022999835715459174,0.043583957647832454,0.0,0.003176167789277696,0.006863637896725016,0.0,0.0,0.0,0.0,0.0,0.0,0.0,0.0,0.0,0.0,0.0,0.0,0.0,0.0,0.0,0.0,0.0,0.0,0.29902891510412566,0.0,0.0,0.0,0.0,0.007283281309895406,0.0,0.0,0.015935540809236665,0.0,0.0,0.0,0.0,0.0,0.0,0.0,0.0,0.0,0.0,0.0,0.0,0.0,0.0,0.0,0.0,0.0,0.0,0.0,0.0,0.0,0.0,0.0,0.0,0.0,0.0,jaffarabad
22,0.0,0.0,0.0,0.9076382861200979,0.0,0.002091059733291249,0.059851653120808014,0.0,0.0,0.0,0.0,0.0,0.0,0.0,0.0,0.0,0.0,0.0,0.0,0.0,0.0,0.0,0.0,0.0,0.0,0.0,0.0,0.0,0.0,0.0,0.0,0.0,0.0,0.03041900102580289,0.0,0.0,0.0,0.0,0.0,0.0,0.0,0.0,0.0,0.0,0.0,0.0,0.0,0.0,0.0,0.0,0.0,0.0,0.0,0.0,0.0,0.0,0.0,0.0,0.0,0.0,0.0,0.0,0.0,jahl
23,0.4094813872096723,0.0,0.0,0.04203344292431152,0.0,0.0,0.2225403895782515,0.0012019655672216919,0.0,0.0,0.0,0.0,0.0,0.0,0.0,0.0,0.0,0.0,0.0,0.0,0.0,0.0,0.0,0.0,0.0,0.0,0.0,0.0,0.0,0.0,0.0,0.0,0.09050093682610387,0.14398840456746917,0.0,0.0,0.0,0.0,0.0,0.0,0.0,0.0,0.0,0.0,0.0,0.0,0.0,0.0,0.0,0.0,0.0,0.0,0.0,0.0,0.0,0.0,0.0,0.0,0.0,0.0,0.0,0.0,0.0,mastung
24,0.19989433744776908,0.0,0.0,0.23509917871379857,0.0,0.0,0.09562460976898324,0.0,0.0,0.0,0.0,0.0,0.0,0.0,0.0,0.0,0.0,0.0,0.0,0.0,0.0,0.0,0.0,0.0,0.0,0.0,0.0,0.0,0.0,0.0,0.0,0.0,0.0029297344027664376,0.01781854858075981,0.0,0.0,0.0,0.0,0.0,0.0,0.0,0.0,0.0,0.0,0.0,0.0,0.0,0.0,0.0,0.0,0.0,0.0,0.0,0.0,0.0,0.0,0.0,0.0,0.0,0.0,0.0,0.0,0.0,chagai
25,0.0,0.0,0.001778953610363545,0.36112758290379965,0.0,0.0,0.2455868266204443,0.0,0.0,0.0,0.0,0.0,0.0,0.0,0.0,0.0,0.0,0.0,0.0,0.0,0.0,0.0,0.0,0.0,0.0,0.0,0.0,0.00342106463531451,0.003147379464489349,0.0,0.0,0.0,0.026365004789490488,0.023035168544451035,0.0,0.0,0.0,0.0,0.0,0.0,0.0,0.0,0.0,0.0,0.0,0.0,0.0,0.0,0.0,0.0,0.0,0.0,0.0,0.0,0.0,0.0,0.0,0.0,0.0,0.0,0.0,0.0,0.0,nushki
26,0.051826518340348765,0.0,0.0,0.0,0.0,0.04791247484909457,0.15411301745127004,0.0,0.0,0.0,0.0,0.0,0.0,0.0,0.0,0.0,0.0,0.0,0.0,0.0,0.0,0.0,0.0,0.0,0.0,0.0,0.0,0.032130269086961136,0.0,0.0,0.0,0.0,0.2225409734413698,0.414244335526085,0.0,0.0,0.0,0.0,0.0,0.0,0.0,0.0,0.0,0.0,0.0,0.0,0.0,0.0,0.0,0.0,0.0,0.0,0.0,0.0,0.0,0.0,0.0,0.0,0.0,0.0,0.0,0.0,0.0,panjgur
27,0.2303675689108885,0.0,0.0,0.6250968603594754,0.0,0.0,0.042256542256542254,0.0,0.0,0.0,0.0,0.0,0.0,0.0,0.0,0.0,0.0,0.0,0.0,0.0,0.0,0.0,0.0,0.0,0.0,0.0,0.0,0.0,0.0,0.0,0.0,0.0,0.005684255684255684,0.06853099472506011,0.0,0.0,0.0,0.0,0.0,0.0,0.0,0.0,0.0,0.0,0.0,0.0,0.0,0.0,0.0,0.0,0.0,0.0,0.0,0.0,0.0,0.0,0.0,0.0,0.0,0.0,0.0,0.0,0.0,lasbela
28,0.0,0.0,0.0,0.0,0.0,0.0,0.22147187854290926,0.0,0.0,0.0,0.0,0.0,0.0,0.0,0.0,0.0,0.0,0.0,0.0,0.0,0.0,0.0,0.0,0.0,0.0,0.0,0.0,0.0,0.0,0.0,0.0,0.0,0.0,0.0,0.0,0.0,0.0,0.0,0.0,0.0,0.0,0.0,0.0,0.0,0.0,0.0,0.0,0.0,0.0,0.0,0.0,0.0,0.0,0.0,0.0,0.0,0.0,0.0,0.0,0.0,0.0,0.0,0.0,washuk
29,0.0,0.0,0.0,0.0,0.0,0.0,0.1456732247156471,0.0,0.0,0.0,0.0,0.0,0.0,0.0,0.0,0.0,0.0,0.0,0.0,0.0,0.0,0.0,0.0,0.0,0.0,0.0,0.0,0.0,0.0,0.0,0.0,0.0,0.0,0.3708884106978174,0.0,0.0,0.0,0.0,0.0,0.0,0.0,0.0,0.0,0.0,0.0,0.0,0.0,0.0,0.0,0.0,0.0,0.0,0.0,0.0,0.0,0.0,0.0,0.0,0.0,0.0,0.0,0.0,0.0,gawadar
30,0.13748259820698155,0.0,0.02132466157390409,0.04790951074269048,0.0,0.05783870674870502,0.38069154499448515,3.609754588255922e-05,0.0,0.07388850259759028,0.0,0.004167685700853994,0.0,0.0,0.0,0.0,0.0,0.0,0.0,0.0,0.0005569335650451993,0.0,0.13849641733899173,0.0002901021605916299,0.0004573134040965653,0.0,0.0029233479156157223,0.0,0.0,0.0,0.0,0.0,0.0,0.0,0.0,0.0,0.0,0.0,0.0,0.002055536184214186,0.0,0.0,0.0,0.09506513602003164,0.0,0.0,0.0,0.0,0.0,0.0,0.0,0.0,0.0,0.0,0.0,0.0,0.0,0.0,0.0,0.0,0.0,0.0,0.0,peshawar
31,0.3379160247525754,0.0,0.03620051267445172,0.0,0.0,0.016084960143227127,0.09321533923303835,0.0,0.0,0.07105845933581996,0.0,0.0,0.0,0.0,0.0,0.0,0.0,0.0,0.0,0.0,0.004084010004454038,0.0,0.27214030596467487,0.0,0.0,0.0,0.0,0.0,0.0,0.0,0.0,0.0,0.0,0.0,0.0,0.0,0.0,0.0,0.0,0.0,0.0,0.0,0.0,0.16930038789175858,0.0,0.0,0.0,0.0,0.0,0.0,0.0,0.0,0.0,0.0,0.0,0.0,0.0,0.0,0.0,0.0,0.0,0.0,0.0,nowshera
32,0.05286274195485277,0.0,0.024606513599464946,0.061738226755679054,0.0,0.0,0.0907643845715626,0.0,0.0,0.0026808753057873396,0.0,0.0006199524144633223,0.0,0.0,0.0038994340510112736,0.0,0.0,0.0,0.0,0.0,0.0,0.0,0.2727260687672959,0.00027017899358324887,0.0,0.0,0.045450407392234514,0.0,0.0,0.0,0.0,0.0,0.0,0.0,0.0,0.0,0.0,0.0,0.0,0.0,0.0,0.0,0.0,0.4055228977657784,0.0,0.0,0.0,0.0,0.0,0.0,0.0,0.0,0.0,0.0,0.0,0.0,0.0,0.0,0.0,0.0,0.0,0.0,0.0,charsadda
33,0.1305284539131437,0.0,0.019143927370797578,0.020416425506008723,0.0,0.08722334364252374,0.4681378440438244,0.0,0.0,0.0558442100045716,0.0,0.0010287777839986564,0.0,0.0,0.0,0.0,0.0,0.0,0.0,0.0,0.0014311908627736409,0.0,0.09793675869322413,0.0,0.0,0.0,0.0,0.0,0.0,0.0,0.0,0.0,0.0,0.0,0.0,0.0,0.0,0.0,0.0,0.0,0.0,0.0,0.0,0.06528281432254363,0.0,0.0,0.0,0.0,0.0,0.0,0.0,0.0,0.0,0.0,0.0,0.0,0.0,0.0,0.0,0.0,0.0,0.0,0.0,mardan
34,0.08032474208589371,0.0,0.0076249389114964065,0.09231060593054007,0.0,0.1105401768418728,0.19149930198322682,0.0,0.0,0.035753290797263894,0.0,0.0,0.0,0.0,0.0,0.0,0.0,0.0,0.0,0.0,0.0,0.0,0.2624309176940556,0.0,0.0,0.0,0.019247370660830446,0.0,0.0,0.0,0.0,0.0,0.0,0.0,0.0,0.0,0.0,0.0,0.0,0.0,0.0,0.0,0.0,0.12581025650242342,0.0,0.0,0.0,0.0,0.0,0.0,0.0,0.0,0.0,0.0,0.0,0.0,0.0,0.0,0.0,0.0,0.0,0.0,0.0,swabi
35,0.04512569154915049,0.0,0.017379377398128375,0.18998322589616815,0.0,0.005264632296828663,0.11634108128017295,0.0,0.0,0.0,0.0,0.0,0.0,0.0,0.0,0.0,0.0,0.0,0.0,0.0,0.0,0.0,0.2866887446682071,0.0,0.0,0.0,0.0,0.0,0.0,0.0,0.0,0.0,0.0,0.0,0.0,0.0,0.0,0.0,0.0,0.0,0.0,0.0,0.0,0.2463386538498461,0.0,0.0,0.0,0.0,0.0,0.0,0.0,0.0,0.0,0.0,0.0,0.0,0.0,0.0,0.0,0.0,0.0,0.0,0.0,kohat
36,0.054261424017003186,0.0,0.235189297508274,0.1553731304778376,0.0,0.0,0.2762944518146535,0.0,0.0,0.0,0.0,0.007314036725801431,0.0,0.0,0.0,0.0,0.0,0.0,0.0,0.0,0.0,0.0,0.14784876110478828,0.0,0.0,0.0,0.006892720956607936,0.0,0.0,0.0,0.0,0.0,0.0,0.0,0.0,0.0,0.0,0.0,0.0,0.0,0.0,0.0,0.0,0.006318082788671024,0.0,0.0,0.0,0.0,0.0,0.0,0.0,0.0,0.0,0.0,0.0,0.0,0.0,0.0,0.0,0.0,0.0,0.0,0.0,karak
37,0.0,0.0,0.0,0.1579027387745024,0.0,0.0,0.3431702968653895,0.0,0.0,0.05252422233554309,0.0,0.0,0.0,0.0,0.0,0.0,0.0,0.0,0.0,0.0,0.0,0.0,0.19819522943264978,0.0,0.0,0.0,0.0,0.0,0.0,0.0,0.0,0.0,0.0,0.0,0.0,0.0,0.0,0.0,0.0,0.0,0.0,0.0,0.0,0.10041824150807335,0.0,0.0,0.0,0.0,0.0,0.0,0.0,0.0,0.0,0.0,0.0,0.0,0.0,0.0,0.0,0.0,0.0,0.0,0.0,hangu
38,0.0470742754875146,0.0,0.0007568501950524422,0.2354142841631565,0.0,0.0,0.11281508726331899,0.0,0.0,0.2640503527918453,0.0,0.030320910830659558,0.0,0.0,0.0,0.0,0.0,0.0,0.0,0.0,0.0,0.0006751519091795653,0.0,0.0,0.0,0.0,0.0,0.0,0.0,0.002541521642645238,0.0,0.0,0.0,0.0,0.0,0.0,0.0,0.0,0.0,0.0,0.0,0.0,0.0,0.0,0.007838479809976246,0.0,0.0,0.0,0.0,0.0,0.0,0.0,0.0,0.0,0.0,0.0,0.0,0.0,0.0,0.0,0.0,0.0,0.0,abbottabad
39,0.014611270444151616,0.0,0.0,0.243923925981666,0.0,0.0025402069567385614,0.05869075568940305,0.0,0.0,0.3248266363282418,0.0,0.0,0.0,0.0,0.0,0.0,0.0,0.0,0.0,0.0,0.0,0.0,0.0,0.0,0.0,0.0,0.0,0.0,0.0,0.0,0.0,0.0,0.0,0.0,0.0,0.0,0.0,0.0,0.0,0.0,0.0,0.0,0.0,0.0,0.0011627005658476088,0.02817603790051116,0.0,0.0,0.0,0.0,0.0,0.0,0.0,0.0,0.0,0.0,0.0,0.0,0.0,0.0,0.0,0.0,0.0,haripur
40,0.008739545337312552,0.0,0.0032284674895171166,0.2698424430306376,0.0,0.21771033160793585,0.19716097035003866,0.0,0.0,0.04312491477715185,0.0,0.014240517260710836,0.0,0.0,0.0,0.0,0.0,0.0,0.0,0.0,0.0,0.0,0.03614546165501735,0.0,0.0,0.0,0.0,0.0,0.0,0.0015843189270844848,0.0,0.0,0.0,0.0,0.0,0.0,0.0,0.0,0.0,0.0,0.0,0.0,0.0,0.06217021895384104,0.0003979219630816845,0.0,0.0,0.0,0.0,0.0,0.0,0.0,0.0,0.0,0.0,0.0,0.0,0.0,0.0,0.0,0.0,0.0,0.0,mansehra
41,0.0,0.0,0.0,0.4019589261860406,0.0,0.09247567617385305,0.4965537180290315,0.0,0.0,0.0,0.0,0.0,0.0,0.0,0.0,0.0,0.0,0.0,0.0,0.0,0.0,0.0,0.00901167961107488,0.0,0.0,0.0,0.0,0.0,0.0,0.0,0.0,0.0,0.0,0.0,0.0,0.0,0.0,0.0,0.0,0.0,0.0,0.0,0.0,0.0,0.0,0.0,0.0,0.0,0.0,0.0,0.0,0.0,0.0,0.0,0.0,0.0,0.0,0.0,0.0,0.0,0.0,0.0,0.0,battagram
42,0.05017317917947217,0.0,0.008756524708522367,0.11848857097676635,0.0,0.0,0.4506733031303245,0.0,0.0,0.0,0.0,0.0,0.0,0.0,0.0,0.0,0.0,0.0,0.0,0.0,0.0,0.0,0.0,0.0,0.0,0.0,0.0,0.0,0.0,0.0,0.0,0.0,0.0,0.0,0.0,0.0,0.0,0.0,0.0,0.0,0.0,0.0,0.0,0.0,0.0,0.0,0.0,0.0,0.0,0.0,0.0,0.0,0.0,0.0,0.0,0.0,0.0,0.0,0.0,0.0,0.0,0.0,0.0,kohistan
43,0.12645702434116873,0.0,0.0,0.15397573469434397,0.0,0.0,0.12345761645871425,0.0,0.0,0.005561822434727061,0.0,0.0023988622747201393,0.0,0.0,0.0,0.0,0.0,0.0,0.0,0.0,0.0,0.0,0.006428373510667775,0.0,0.0,0.0,0.0,0.0,0.0,0.0,0.0,0.0,0.0,0.0,0.0,0.0,0.0,0.0,0.0,0.0006143584342636476,0.0,0.0,0.0,0.150441960878414,0.0,0.0,0.0,0.0,0.0,0.0,0.0,0.0,0.0,0.0,0.0,0.0,0.0,0.0,0.0,0.0,0.0,0.0,0.0,dikhan
44,0.0,0.0,0.0,0.1156833753305983,0.0,0.32991107686540744,0.22815968679064538,0.0,0.0,0.0,0.0,0.005393698327745267,0.0007705283325350382,0.0,0.0,0.0,0.0,0.0,0.0,0.0,0.0,0.0,0.08059309856515129,0.0,0.0,0.0,0.004602344905141715,0.0,0.0,0.0,0.0,0.0,0.0,0.0,0.0,0.0,0.0,0.23488619088277557,0.0,0.0,0.0,0.0,0.0,0.0,0.0,0.0,0.0,0.0,0.0,0.0,0.0,0.0,0.0,0.0,0.0,0.0,0.0,0.0,0.0,0.0,0.0,0.0,0.0,tank
45,0.06666267369429804,0.0,6.62226595020056e-05,0.20881760217957013,0.0,0.0,0.4151090208320996,0.0009584692007279239,0.0,0.04997760930802919,0.0,0.0,0.0,0.0,0.0,0.0,0.0,0.0,0.0,0.0,0.0,0.0,0.1095265730364951,0.0,0.0,0.0,0.0027358350476248913,0.0,0.0,0.0,0.0,0.0,0.0,0.0,0.0,0.0,0.0,0.0,0.0,0.0,0.0,0.0,0.0,0.0001324453190040112,0.0,0.0,0.0,0.0,0.0,0.0,0.0,0.0,0.0,0.0,0.0,0.0,0.0,0.0,0.0,0.0,0.0,0.0,0.0,bannu
46,0.08371539085802215,0.0,0.0,0.40180782706473095,0.0,0.004091830364372879,0.0,0.0,0.0,0.5001767145342569,0.0,0.0,0.0,0.0,0.0,0.0,0.0,0.0,0.0,0.0,0.0,0.0,0.00604530357740794,0.0,0.0,0.0,0.0,0.0,0.0,0.0,0.0,0.0,0.0,0.0,0.0,0.0,0.0,0.0,0.0,0.0,0.0,0.0,0.0,0.0,0.0,0.0,0.0,0.0,0.0,0.0,0.0,0.0,0.0,0.0,0.0,0.0,0.0,0.0,0.0,0.0,0.0,0.0,0.0,lakki
47,0.0465830505078732,0.0,0.0,0.17334417939289326,0.0,0.012270963431244057,0.3620128494288872,0.0,0.0,0.0,0.0,0.0,0.0,0.0,0.0,0.0,0.0,0.0,0.0,0.0,0.0,0.0,0.16679319055470188,0.0,0.07432590512955489,0.0,0.0,0.0,0.0,0.0,0.0,0.0,0.0,0.0,0.0,0.0,0.0,0.0,0.0,0.0,0.0,0.0,0.0,0.11136847710330139,0.0,0.0,0.0,0.0,0.0,0.0,0.0,0.0,0.0,0.0,0.0,0.0,0.0,0.0,0.0,0.0,0.0,0.0,0.0,buner
48,0.027010468645575065,0.0,0.031999673336071205,0.1112922111059271,0.0,0.0090580085405894,0.48017988096098874,0.0,0.0,0.04842385206671521,0.0,0.0,0.0,0.0,0.0,0.0,0.0,0.0,0.0,0.0,0.0,0.0,0.16313893316607642,0.0,0.012115983221231138,0.0,0.0018019626329854003,0.0,0.0,0.0,0.0,0.0,0.0,0.0,0.0,0.0,0.0,0.0,0.0,0.0,0.0,0.0,0.0,0.054777916338777446,0.0,0.0,0.033796182034745846,0.0,0.0,0.0,0.0,0.0,0.0,0.0,0.0,0.0,0.0,0.0,0.0,0.0,0.0,0.0,0.0,swat
49,0.13496177753282013,0.0,0.0,0.1914954702492565,0.0,0.0,0.2808010580717284,0.0,0.0,0.04131830849388101,0.0,0.0,0.0,0.0,0.0,0.0,0.0,0.0,0.0,0.0,0.0,0.0,0.22003761959796986,0.0,0.02916601717755179,0.0,0.0,0.0,0.0,0.0,0.0,0.0,0.0,0.0,0.0,0.0,0.0,0.0,0.0,0.0,0.0,0.0,0.0,0.09955135135768087,0.0,0.0,0.0,0.0,0.0,0.0,0.0,0.0,0.0,0.0,0.0,0.0,0.0,0.0,0.0,0.0,0.0,0.0,0.0,shangla
50,0.219428671766907,0.0,0.0,0.22938764412164914,0.0,0.0,0.3929807799961911,0.0,0.04835162944192927,0.06909785449842204,0.0,0.0,0.0,0.0,0.0,0.0,0.0,0.0,0.0,0.0,0.0,0.0,0.0,0.0,0.0,0.0,0.0,0.0,0.0,0.0,0.0,0.0,0.0,0.0,0.0,0.0,0.0,0.0,0.0,0.0,0.0,0.0,0.0,0.04075342017490146,0.0,0.0,0.0,0.0,0.0,0.0,0.0,0.0,0.0,0.0,0.0,0.0,0.0,0.0,0.0,0.0,0.0,0.0,0.0,chitral
51,0.09134259639891473,0.0,0.006666992906955302,0.024577074028961973,0.0,0.0,0.5148345678263594,0.0,0.0,0.22303269258202266,0.0,0.0,0.0,0.0,0.0,0.0,0.0,0.0,0.0,0.0,0.0,0.0,0.03336500793869856,0.0,0.0,0.0,0.0,0.0,0.0,0.0,0.0,0.0,0.0,0.0,0.0,0.0,0.0,0.0,0.0,0.0,0.0,0.0,0.0,0.09936011825718614,0.0,0.0,0.0,0.0,0.0,0.0,0.0,0.0,0.0,0.0,0.0,0.0,0.0,0.0,0.0,0.0,0.0,0.0,0.0,upper
52,0.13060842175304505,0.0,0.010098864578573667,0.007876711689276403,0.0,0.005637357453790479,0.549134813734018,0.0,0.0,0.008627342899387852,0.0,0.0,0.0,0.0,0.0,0.0,0.0,0.0,0.0,0.0,0.0,0.0,0.0915070976871711,0.0,0.0,0.0,0.002924825755061401,0.0,0.0,0.0,0.0,0.0,0.0,0.0,0.0,0.0,0.0,0.0,0.0,0.0,0.0,0.0,0.0,0.1935845644496761,0.0,0.0,0.0,0.0,0.0,0.0,0.0,0.0,0.0,0.0,0.0,0.0,0.0,0.0,0.0,0.0,0.0,0.0,0.0,lower
53,0.2574502216819431,0.0,0.020175400854968543,0.0,0.0,0.02060199928003766,0.36987932870676254,0.0,0.0,0.024537930330632833,0.0,0.0,0.0,0.0,0.0,0.0,0.0,0.0,0.0,0.0,0.0,0.0,0.1419581216793268,0.0,0.009830255032813668,0.0,0.0,0.0,0.0,0.0,0.0,0.0,0.0,0.0,0.0,0.0,0.0,0.0,0.0,0.0,0.0,0.0,0.0,0.15556674243351476,0.0,0.0,0.0,0.0,0.0,0.0,0.0,0.0,0.0,0.0,0.0,0.0,0.0,0.0,0.0,0.0,0.0,0.0,0.0,malakand
54,0.2701755308155417,0.0,0.019204153011106763,0.15436988567156798,0.0,0.022527588724397713,0.1540235419453589,0.0,0.0,0.21268728263942038,0.0,0.030073513902475157,0.0,0.0,0.0,0.0,0.0,0.0,0.0,0.0,0.0003851691810490745,0.0,0.0,0.0,0.0,0.0,0.0,0.0,0.0,0.0,0.0,0.0,0.0,0.0,0.0,0.0,0.0,0.0,0.0,0.0011817937486353705,0.0,0.0,0.0,0.0,0.0,0.0,0.0,0.0008972593214027752,0.00014490882222126573,0.0003126813117328451,0.0,0.0,0.0,0.0,0.0,0.0,0.0,0.0,0.0,0.0,0.0,0.0,0.0,rawalpindi
55,0.18691037508278896,0.0,0.0,0.46023622469352876,0.0,0.009984488343446325,0.1681438939195211,0.0,0.0,0.1375840432369813,0.0,0.018939332933629354,0.0,0.011392712399379938,0.0,0.0,0.0,0.0,0.0,0.0,0.0,0.0,0.0,0.0,0.0,0.0,0.0,0.0,0.0,0.0,0.0,0.0,0.0,0.0,0.0,0.0,0.0,0.0,0.0,0.0,0.0,0.0,0.0,0.0,0.0,0.0,0.0,0.0,0.0,0.0,0.0,0.0,0.0,0.0,0.0,0.0,0.0,0.0,0.0,0.0,0.0,0.0,0.0,attock
56,0.10780650309361711,0.0,0.0,0.3775226709175816,0.0,0.26749506105569903,0.03738997447657701,0.0,0.0,0.20078879750817352,0.0,0.008262938787058182,0.0,0.0,0.0,0.0,0.0,0.0,0.0,0.0,0.0,0.0,0.0,0.0,0.0,0.0,0.0,0.0,0.0,0.0,0.0,0.0,0.0,0.0,0.0,0.0,0.0,0.0,0.0,0.0,0.0,0.0,0.0,0.0,0.0,0.0,0.0,0.0,0.0,0.0,0.0007340541612935224,0.0,0.0,0.0,0.0,0.0,0.0,0.0,0.0,0.0,0.0,0.0,0.0,chakwal
57,0.12809562934068844,0.0,0.001605530072529785,0.3894287638735832,0.0,0.051327965542437654,0.02566694040458878,0.0,0.0,0.3437916811623874,0.0,0.04001944314042625,0.0,0.0,0.0,0.0,0.0,0.0,0.0,0.0,0.0,0.0,0.0,0.0,0.0,0.0,0.0,0.0,0.0,0.0,0.0,0.0,0.0,0.0,0.0,0.0,0.0,0.0,0.0,0.0,0.0,0.0,0.0,0.0,0.0,0.0,0.0,0.0,0.0,0.0018511201209455745,0.0,0.0,0.0,0.0,0.0,0.0,0.0,0.0,0.0,0.0,0.0,0.0,0.0,jhelum
58,0.24977416617183035,0.0,0.0029872272034187214,0.3623257951871702,0.0,0.03365023067281794,0.05150505577836637,0.0,0.0,0.17935590629264025,0.0,0.011702796505717605,0.0,0.0,0.0,0.0,0.0,0.0,0.0,0.0,0.0026940488858947054,0.0,0.0,0.0004853696640077038,0.0,0.0,0.0,0.0,0.0,0.0,0.0,0.0,0.0,0.0,0.0,0.0,0.0,0.0,0.0,0.0,0.0,0.0,0.0,0.0,0.0,0.0,0.0,0.0,0.0,0.0,0.0,0.0,0.0,0.0,0.0,0.0,0.0,0.0,0.0,0.0,0.0,0.0,0.0,sargodha
59,0.0046403807058754,0.0,0.0,0.37064631739109255,0.0,0.3034923449390342,0.05715518987607063,0.0,0.00040226257225254664,0.06678169622077183,0.0,0.0,0.0,0.0,0.0010218930364120926,0.0,0.0,0.0,0.0,0.0,0.0,0.0,0.000760288419090597,0.0,0.0,0.0,0.0,0.0,0.0,0.0,0.0,0.0,0.0,0.0,0.0,0.0,0.0,0.0,0.0,0.0,0.0,0.0,0.0,0.0,0.0,0.0,0.0,0.0,0.0,0.0,0.0,0.0,0.0,0.0,0.0,0.0,0.0,0.0,0.0,0.0,0.0,0.0,0.0,khushab
60,0.1453403046751313,0.0,0.06397510219778654,0.4269382081474268,0.0,0.05196438317728089,0.11971442062939848,0.0,0.0,0.09149563039102616,0.0,0.02086399902245066,0.0,0.0,0.0,0.0,0.0,0.0,0.0,0.0,0.0,0.0,0.0,0.0,0.0,0.0,0.0,0.0,0.0,0.0,0.0,0.0,0.0,0.0,0.0,0.0,0.0,0.0,0.0,0.0,0.0,0.0,0.0,0.0,0.0,0.0,0.0,0.0,0.0,0.0,0.0,0.0,0.0,0.0,0.0,0.0,0.0,0.0,0.0,0.0,0.0,0.0,0.0,mianwali
61,0.0034127115390846716,0.0,0.0,0.2715253314234936,0.0,0.11026383395180035,0.02028383779994543,0.0,0.0,0.08023857133006965,0.0,0.014275713955606301,0.0,0.0,0.0,0.0,0.0,0.0,0.0,0.0,0.0,0.0,0.0,0.0,0.0,0.0,0.0,0.0,0.0,0.0,0.0,0.0,0.0,0.0,0.0,0.0,0.0,0.0,0.0,0.0,0.0,0.0,0.0,0.0,0.0,0.0,0.0,0.0,0.0,0.0,0.0,0.0,0.0,0.0,0.0,0.0,0.0,0.0,0.0,0.0,0.0,0.0,0.0,bhakkar
62,0.3324001613347168,0.00065842537571398,0.002658940215713742,0.3347054968634519,0.0,0.0005957566311738952,0.04448753984922378,3.657912063793986e-05,0.0002892570690788024,0.22145882613577042,0.0,0.007019226033549758,0.0,0.0,0.0,0.0,0.0,0.0,0.0,0.0,0.0,0.0,0.0,0.0,0.0,0.0,0.0,0.0,0.0,0.0,0.0,0.0,0.0,0.0,0.0,0.0,0.0,0.0,0.0,0.0,0.0,0.0,0.0,0.0,0.0,0.0,0.0,0.0,0.0,0.0,0.0,0.002429138403888885,8.536326548811988e-05,0.0,0.0,0.0,0.0,0.0,0.0,0.0,0.0,0.0,0.0,faisalabad
63,0.12533823521306864,0.0,0.00013099456771223115,0.2844849527657606,0.0,0.08438746630008719,0.06890618175406722,0.0,0.0,0.01020757116189943,0.0,0.0040303981851994896,0.0,0.0,0.0,0.0,0.0,0.0,0.0,0.0,0.0,0.0,0.0,0.0,0.0,0.0,0.0,0.0,0.00013099456771223115,0.0,0.0,0.0,0.0,0.0,0.0,0.0,0.0,0.0,0.0,0.0,0.0,0.0,0.0,0.0,0.0,0.0,0.0,0.0,0.0,0.0,0.0,0.0,0.0,0.0,0.0,0.0,0.0,0.0,0.0,0.0,0.0,0.0,0.0,jhang
64,0.22088519060494696,0.0,0.0,0.26328086607198004,0.0,0.00016066589237320947,0.021070692172237858,0.0,0.0,0.1278600233311771,0.0,0.01239438414353069,0.0,0.0,0.0,0.0,0.0,0.0,0.0,0.0,0.0,0.11218033812644371,0.0,0.0,0.0,0.0,0.0,0.0,0.0,0.0,0.0,0.0,0.0,0.0,0.0,0.0,0.0,0.0,0.0,0.0,0.0,0.0,0.0,0.0,0.0,0.0,0.0,0.0,0.0,0.0,0.0,0.0,0.0,0.0,0.0,0.0,0.0,0.0,0.0,0.0,0.0,0.0,0.0,toba
65,0.24995830717407444,0.0,0.014093244502844698,0.26981451892701663,0.0,0.0,0.11533162990621405,0.0,0.0,0.1423403863429184,0.0,0.01566381565238904,0.0,0.0,0.0,0.0,0.0,0.0,0.0,0.0,0.0,0.13852048223995855,0.0,0.0014488307856786915,0.0,0.0,0.0,0.0,0.0,0.0004141207145395843,0.0,0.0,0.0,0.0,0.0,0.0,0.0,0.0,0.0,0.0,0.0,0.0,0.0,0.0,0.0,0.0,0.0,0.0,0.0,0.0,0.0,0.0,0.0,0.0,0.0,0.0,0.0,0.0,0.0,0.0,0.0,0.0,0.0,gujranwala
66,0.12003663753203347,0.0,0.019073632447821346,0.490467230850161,0.0,0.13236925295324717,0.013256745300944195,0.0,0.0,0.05865415533923821,0.0,0.00500246801789894,0.0,0.0,0.0,0.0,0.0,0.0,0.0,0.0,0.0,0.0,0.0,0.0,0.0,0.0,0.0,0.0,0.0,0.0,0.0,0.0,0.0,0.0,0.0,0.0,0.0,0.0,0.0,0.0,0.0,0.0,0.0,0.0,0.0,0.0,0.0,0.0,0.0,0.0,0.0,0.0,0.0,0.0,0.0,0.0,0.0,0.0,0.0,0.0,0.0,0.0,0.0,hafizabad
67,0.30724611855375283,0.0,0.0017166469153132068,0.3771899374227583,0.0,0.0005987098767816447,0.030493855026258815,0.0,0.0001969151403940034,0.1393581187133096,0.0,0.025555984175788016,0.0,0.0,0.0,0.0,0.0,0.0,0.0,0.0,0.001243232109227872,0.0,0.0,0.0,0.0,0.0,0.0,0.0,0.0,0.0,0.0,0.0,0.0,0.0,0.0,0.0,0.0,0.0,0.0,0.0,0.0,0.0,0.0,0.0,0.0,0.0,0.0,0.0,0.0,0.0,0.0,0.0,0.0,0.06905014124293786,0.0,0.0,0.0,0.0,0.0,0.0,0.0,0.0,0.0,gujrat
68,0.3122042027186758,0.0,0.0,0.3894732855563062,0.0,0.032491531766474555,0.05393058005025024,0.0,0.0,0.17390592729828996,0.0,0.03070009829773291,0.0,0.0,0.0,0.0,0.0,0.0,0.0,0.0,0.0,0.0,0.0,0.0,0.0,0.0,0.0,0.0,0.0,0.0015847818957035094,0.0,0.0,0.0,0.0,0.0,0.0,0.0,0.0,0.0,0.0,0.0,0.0,0.0,0.0,0.0,0.0,0.0,0.0,0.0,0.002933329172582734,0.0,0.0,0.0,0.0,0.0,0.0,0.0,0.0,0.0,0.0,0.0,0.0,0.0,m.b.din
69,0.2266102002160207,0.0,0.00017697121804462893,0.3903793903410056,0.0,0.0,0.05804922813635984,0.0,0.0002687825393890713,0.24429213129519758,0.0,0.006186205643284371,0.0,0.0,0.0,0.0,0.0,0.0,0.0,0.0,0.003203265630093689,0.010038589496020557,0.0,0.00032105136881410533,0.0,0.0,0.0,0.0,0.0,0.0,0.0,0.0,0.0,0.0,0.0,0.0,0.0,0.0,0.0,0.0,0.0,0.0,0.0,0.0,0.0,0.0,0.0,0.0,0.0,0.0,0.0,0.0,0.0,0.0,0.0,0.0,0.0,0.0,0.0,0.0,0.0,0.0,0.0,sialkot
70,0.10868154541322057,0.0,0.0,0.35442826573999914,0.0,0.0,0.027448568641639026,0.0,0.0,0.18807388355194204,0.0,0.036440724478419874,0.0,0.0,0.0,0.0,0.0,0.0,0.0,0.0,0.0,0.0,0.0,0.0,0.0,0.0,0.0,0.0,0.0,0.0,0.0,0.0,0.0,0.0,0.0,0.0,0.0,0.0,0.0,0.0,0.0,0.0,0.0,0.0,0.0,0.0,0.0,0.0,0.0,0.0,0.0,0.0,0.0,0.0,0.0,0.0,0.0,0.0,0.0,0.0,0.0,0.0,0.0,narowal
71,0.22389406567104012,0.0,0.03690009135932703,0.24595255736826616,0.0,0.0,0.0712623376352544,0.0,0.0007440447825266656,0.3023925182787,6.230999221125098e-05,0.030567868061886033,0.0,0.0,0.0,0.00022480493261308452,0.0,0.0,0.0,0.0,0.006675940490054651,0.0005136595073697937,0.0,0.0014811040821595591,0.0,0.0,0.0,0.0,0.0,0.0,0.0,0.0,0.0,0.0,0.0,0.0,0.0,0.0,0.0,0.0,0.0,0.0,3.581214900024417e-05,0.0,0.0,0.0,0.0,0.0,0.0,0.0,0.0,0.0,0.0,0.0,5.0192225544639046e-05,9.19702865228157e-05,0.00011530290724911641,4.015301554572832e-05,0.0,0.0,0.0,0.0,0.0,lahore
72,0.16935517685718912,0.0,0.0036941018099281237,0.3483794408971463,0.0,0.0,0.03145107330254743,0.0,0.006200133547923158,0.3165505416110467,0.0,0.018115025644473797,0.0,0.0,0.0,0.0,0.0,0.0,0.0,0.0,0.0,0.03015364194746157,0.0,0.0,0.0,0.0,0.0,0.0,0.0,0.0,0.0,0.0,0.0,0.0,0.0,0.0,0.0,0.0,0.0,0.0,0.0,0.0,0.0,0.0,0.0,0.0,0.0,0.0,0.0,0.0,0.0,0.0,0.0,0.0,0.0,0.0,0.0,0.0,0.0,0.0,0.0,0.0,0.0,sheikhupura
73,0.21764196076786,0.0,0.0,0.40440900448393674,0.0,0.0012648441365660564,0.0,0.0,0.0,0.17277256747531472,0.0001203083693466939,0.0,0.0,0.0,0.0,0.0,0.0,0.0,0.0,0.0,0.0,0.00021215484039428163,0.0,0.0,0.0,0.0,0.0,0.0,0.0,0.0035119785886807233,0.0,0.0,0.0,0.0,0.0,0.0,0.0,0.0,0.0,0.0,0.0,0.0,0.0,0.0,0.0,0.0,0.0,0.0,0.0,0.0,0.0,0.0,0.0,0.0,9.814630130914501e-05,0.0,0.0,0.003682069303952763,0.004998308400629569,0.0,0.0,0.0,0.0,nankana
74,0.20398945926462736,0.0011367508825309372,0.0003039122674427954,0.38825030790755644,0.0,0.0,0.03211828015449247,0.0,0.0,0.11011585227268524,0.0,0.0,0.0,0.0,0.0,0.0010618847993499418,0.0,0.0,0.0,0.0,0.0,0.0,0.0,0.0,0.0,0.0,0.0,0.0,0.0,0.0,0.0,0.0,0.0,0.0,0.0,0.0,0.0,0.0,0.0,0.0,0.0,0.0,0.0,0.0,0.0,0.0,0.0,0.0,0.0,0.0,0.0,0.0,0.0,0.00010319507838856916,0.0,0.0,0.0,0.0,0.0,0.0,0.0,0.0,0.0,kasur
75,0.14366994155849,0.0,0.0,0.3545392300932826,0.0,0.0,0.0336470129325039,0.0,0.0,0.14297396921227803,0.00015921031682853047,0.0,0.0,0.0,0.0,0.0,0.0,0.0,0.0,0.0,0.0,0.0,0.0,0.0,0.0,0.0,0.0,0.0,0.0,0.0,0.0,0.0,0.0,0.0,0.0,0.0,0.0,0.0,0.0,0.0,0.0,0.0,0.0,0.0,0.0,0.0,0.0,0.0,0.0,0.0,0.0,0.0,0.0,0.08361964573346714,0.0,0.0,0.0,0.0,0.0,0.0,0.0,0.0,0.0,okara
76,0.31686250587035075,0.0,0.008091605418872366,0.23987648138246892,0.0,0.0009520473296954375,0.04371765722854263,0.0003037896090649046,0.0,0.2895797828147485,0.025368457756889094,0.0037746967634907777,0.0,0.0,0.0,0.0,0.0,0.0,0.0,0.0,0.0,0.0,0.0,0.0,0.0,0.0,0.0,0.0,0.0,0.0,0.0,0.0,0.0,0.0,0.0,0.0,0.0,0.0,0.0,0.0,0.0,0.0,0.0,0.0,0.0,0.0,0.0,9.432750509769921e-05,0.0,0.0,0.0,0.0,0.0,0.0,0.0,0.0,0.0,0.0,0.0,0.0007064766941626869,0.0,0.0,0.0,multan
77,0.35963429672300873,0.0,0.0008179264792123213,0.5701278991111023,0.0,0.002446635515724329,0.0,0.0005802648229883639,0.0,0.06487773057491976,0.0,0.0,0.0,9.145399493295434e-05,0.0,0.0,0.0,0.0,0.0,0.0,0.0,0.0,0.0,0.0,0.0,0.0,0.0,0.0,0.0,0.0,0.0,0.0,0.0,0.0,0.0,0.0,0.0,0.0,0.0,0.0,0.0,0.0,0.0,0.0,0.0,0.0,0.0,0.0,0.0,0.0,0.0,0.0,0.0,0.0,0.0,0.0,0.0,0.0,0.0,0.0,0.0,0.0,0.0,lodhran
78,0.3019146457316443,0.0,0.000575057505750575,0.31987579822386,0.0,0.0,0.026509385505414408,0.00023531345245921234,0.0,0.1578535478108602,0.0,0.001049532648991136,0.0,0.0,0.0,0.0,0.0,0.0,0.0,0.0,0.0,0.0,0.0,0.0,0.0,0.0,0.0,0.0,0.0,0.0,0.0,0.0,0.0,0.0,0.0,0.0,0.0,0.0,0.0,0.0,0.0,0.0,0.0,0.0,0.0,0.0,0.0,0.0,0.0,0.0,0.0,0.0,0.0,0.0,0.0,0.0,0.0,0.0,0.0,0.0,0.0,0.0,0.0,khanewal
79,0.3453323992261145,0.0,0.008440515940316176,0.29288146713900076,0.0,0.05041670910570928,0.046444875957007595,0.0,0.0,0.07657791123340271,0.0,0.006353034812909002,0.0,0.0,0.0,0.0,0.0,0.0,0.0,0.0,0.007033877917219835,0.0,0.0,0.0,0.0,0.0,0.0,0.0,0.0,0.0,0.0,0.0,0.0,0.0,0.0,0.0,0.0,0.0,0.0,0.0,0.0,0.0,0.0,0.0,0.0,0.0,0.0,0.0,0.0,0.0,0.0,0.0,0.00012322408106604232,0.0,0.0,0.0,0.0,0.0,0.0,0.0,0.012091362954605403,0.0,0.0,sahiwal
80,0.10448277124163274,0.0,0.0,0.4485806145179967,0.0,0.060852791293582474,0.06167823186685326,0.0,0.0,0.1982677424082135,0.0,0.00847945079221058,0.0,0.0,0.0,0.0,0.0,0.0,0.0,0.0,0.0,0.0,0.0,0.0,0.0,0.0,0.0,0.0,0.0,0.0,0.0,0.0,0.0,0.0,0.0,0.0,0.0,0.0,0.0,0.0,0.0,0.0,0.0,0.0,0.0,0.0,0.0,0.0,0.0,0.0,0.0,0.0,0.0,0.0,0.0,0.0,0.0,0.0,0.0,0.0,0.0,0.0,0.0,pakpattan
81,0.2441032691147113,0.0,0.0001087961703748028,0.3420583549412131,0.0,0.02713331504815992,0.0037701302575169223,0.0,0.0,0.21231974865923542,0.0,0.002870170581769328,0.0,0.0,0.0,0.0,0.0,0.0,0.0,0.0,0.00012302157112663558,0.0,0.0,0.0007205995388162951,0.0,0.0,0.0,0.0,0.0,0.0,0.0,0.0,0.0,0.0,0.0,0.0,0.0,0.0,0.0,0.0,0.0,0.0,0.0,0.0,0.0,0.0,0.0,0.0,0.0,0.0,0.0,0.0,0.0,0.07299432710399366,0.0,0.0,0.0,0.0,0.0,0.0,0.0,0.0,0.0,vehari
82,0.11790225937957834,0.0,0.0,0.16793363667874203,0.0,0.0,0.05084360343560541,0.0,0.0,0.10770903602661541,0.0,0.0025903163988159673,0.0,0.0,0.0,0.0,0.0,0.0,0.0,0.0,0.00021085925144965736,0.0,0.0,0.0,0.0,0.0,0.0,0.0,0.0,8.645642768957301e-05,0.0,0.0,0.0,0.0,0.0,0.0,0.0,0.0,0.0,0.0,0.0,0.0,0.0,0.0,0.0,0.0,0.0,0.0,0.0,0.0,0.0,0.0,0.0,0.0,0.0,0.0,0.0,0.0,0.0,0.0,0.0,0.0,0.0,dgkhan
83,0.12447541704422495,0.0,0.0,0.0,0.0,0.12930902144063317,0.08454468010537267,0.0,0.0,0.1643444965024504,0.0,0.0,0.0,0.0,0.0,0.0,0.0,0.0,0.0,0.0,0.0,0.0,0.0,0.0,0.0,0.0,0.0,0.0,0.0,0.0,0.0,0.0,0.0,0.0,0.0,0.0,0.0,0.0,0.0,0.0,0.0,0.0,0.0,0.0,0.0,0.0,0.0,0.0025115816752161024,0.0,0.0,0.0,0.0,0.0,0.0,0.0,0.0,0.0,0.0,0.0,0.0,0.0,0.0,0.0,rajanpur
84,0.15901836537737932,0.0,0.00034401862092280056,0.346357575656562,0.0,0.04852463329521002,0.08827298056916341,0.0,0.0,0.04088329845643767,0.0,0.0020664816690090858,0.0,0.0,0.0,0.0,0.0,0.0,0.0,0.0,0.0,0.0,0.0,0.0022849416175439014,0.0,0.0,0.0,0.0,0.0,0.0,0.0,0.0,0.0,0.0,0.0,0.0,0.0,0.0,0.0,0.0,0.0,0.0,0.0,0.0,0.0,0.0960262855356263,0.0,0.0,0.0,0.0,0.0,0.0,0.0,0.0,0.0,0.0,0.0,0.0,0.0,0.0,0.0,0.0,0.0,muzaffargarh
85,0.14777479007858463,0.0,0.0,0.4048189512472732,0.0,0.0029634570404012636,0.1938138672571526,0.0,0.0,0.22487986321776163,0.0,0.007674003569303986,0.0,0.0,0.0,0.0,0.0,0.0,0.0,0.0,0.0021283627470421044,0.0005913518543533403,0.0,0.0007690343512023672,0.0,0.0,0.0,0.0,0.0,0.0,0.0,0.0,0.0,0.0,0.0,0.0,0.0,0.0,0.0,0.0,0.0,0.0,0.0,0.0,0.0,0.0,0.0,0.0,0.0,0.0,0.0,0.0,0.0,0.0,0.0,0.0,0.0,0.0,0.0,0.0,0.0,0.0,0.0,layyah
86,0.29884835271245513,0.0,0.00395811436528416,0.2496990845843139,0.0,0.0009313992036624511,0.10743112995087992,0.0,0.0,0.14534010051298202,0.0007227332457293036,0.0027629849920464762,0.0,0.0,0.0,0.0,0.0,0.0,0.0,0.0,0.000652972482772166,0.0178676293622142,0.0,0.002186278536058073,0.0,0.0,0.0,0.0,0.0,0.00023341863199391385,0.0,0.0,0.0,0.0,0.0,0.0,0.0,0.0,0.0,0.0,0.0,0.0,0.0,0.0,0.0,0.0,0.0,0.00012385605174430607,0.0,0.0007716514917779293,0.0,0.0,0.0,0.0,0.0,0.0,0.0,0.0,0.0,0.0,0.0,0.0,0.0,bahawalpur
87,0.26951903206001204,0.0,0.0,0.37343490396279144,0.0,0.00030439875466231,0.04326246405332001,0.0,0.0,0.09547515741424242,0.0,0.004990113332236039,0.0,0.0,0.0,0.0,0.0,0.0,0.0,0.0,0.09417452062617976,0.0,0.0,0.0,0.0,0.0,0.0,0.0,0.0,0.0,0.0,0.0,0.0,0.0,0.0,0.0,0.0,0.0,0.0,0.0,0.0,0.0,0.0,0.0,0.0,0.0,0.0,0.0,0.0,0.0,0.0,0.0,0.0,0.0,0.0,0.0,0.0,0.0,0.0,0.0,0.0,0.0,0.0,bahawalnagar
88,0.310277797828114,0.0,0.0002353428207680115,0.4239621231084013,0.0,0.0009212201872737399,0.060391326168544174,0.0007952081035489376,0.0002020216683360673,0.13755742890240172,0.0,0.02343305595009743,0.0,0.0,0.0,0.0,0.0,0.0,0.0,0.0,0.0002454991816693944,0.0,0.0,0.0007986309184255561,0.0,0.0,0.0,0.0,0.0,0.0,0.0,0.0,0.0,0.0,0.0,0.0,0.0,0.0,0.0,0.0,0.0,0.0,0.0,0.0,0.0,0.0,0.0,0.0006038751283772542,0.0,0.00016366612111292964,0.0,0.0,0.0,0.0,0.0,0.0,0.0,0.0,0.0,0.0,0.0,0.0,0.0,ryk
89,0.44015523349329033,0.001029359682945712,0.0012370630546346064,0.007112288230699244,0.0,0.0,0.14079760255920806,0.10544659054190042,0.016243710972787425,0.03397136829343724,0.003113627630478515,0.0010115051648922945,0.10105991159178714,2.2603467371894848e-05,0.0,0.0,0.0,0.0,0.0,0.0,0.0,0.0,0.0,0.0,0.0,0.0,0.0,0.0,0.0,0.0,0.0,0.0,0.0,0.0,0.0,0.0,0.0,0.0,0.0,0.0,0.0,0.0,0.0,0.0,0.0,0.0,0.0,0.0,0.0,0.0,0.0,0.0,0.0,0.0,0.0,0.0,0.0,0.0,0.0,0.0,0.0,0.0,0.0,sukkur
90,0.40451558975637636,0.0,0.0,0.0033613534344033203,0.0,0.0,0.05171917325098192,0.022660205470844227,0.006639566416730278,0.0023731843907545858,0.0,0.0,0.00038642330820699584,0.0,0.0,0.0,0.0,0.0,0.0,0.0,0.0,0.0,0.0,0.0003884774950169193,0.0,0.0,0.0,0.0,0.0,0.0,0.0,0.0,0.0,0.0,0.0,0.0,0.0,0.0,0.0,0.0,0.0,0.0,0.0,0.0,0.0,0.0,0.0,0.0,0.0,0.0,0.0,0.0,0.0,0.0,0.0,0.0,0.0,0.0,0.0,0.0,0.0,0.0,0.0,ghotki
91,0.3364666215267591,0.0,0.0009427897262869178,0.3447880908122585,0.0,0.0,0.032122566016976425,0.0021014976402941397,0.0010494402985074627,0.0,0.0,0.0,0.0001166044776119403,0.0,0.0,0.0,0.0,0.0,0.0,0.0,0.0,0.0,0.0,0.0,0.0,0.0,0.0,0.0,0.0,0.0,0.0,0.0,0.0,0.0,0.0,0.0,0.0,0.0,0.0,0.0,0.0,0.0,0.0,0.0,0.0,0.0,0.0,0.0,0.0,0.0,0.0,0.0,0.0,0.0,0.0,0.0,0.0,0.0,0.0,0.0,0.0,0.0,0.0,shikarpur
92,0.5534018695309721,0.0,0.0,0.11511963870189515,0.0,0.0,0.13018854839708283,0.03489036320802315,0.018919309574492196,0.0001976056778698108,0.0,0.0,0.0,0.0,0.0,0.0,0.0,0.0,0.0,0.0,0.0,0.0,0.0,0.0023020920261287445,0.0,0.0,0.0,0.0,0.0,0.0,0.0,0.0,0.0,0.0,0.0,0.0,0.0,0.0,0.0,0.0,0.0,0.0,0.0,0.0,0.0,0.0016546286437800351,0.0,0.0,0.0,0.0,0.0,0.0,0.0,0.0,0.0,0.0,0.0,0.0,0.0,0.0,0.0,0.0,0.0,jacobabad
93,0.10804446970199814,0.0,0.0,0.0,0.0,0.0,0.2821238466312679,0.006788995423239151,0.0005782084788491338,0.0015378588695724943,0.0,0.0,0.0,0.0,0.0,0.0,0.0,0.0,0.0,0.0,0.0002891042394245669,0.0,0.0,0.0,0.0,0.0,0.0,0.0,0.0,0.0,0.0,0.0,0.0,0.0,0.0,0.0,0.0,0.0,0.0,0.0,0.0,0.0,0.0,0.0,0.0,0.0,0.0,0.0,0.0,0.0,0.0,0.0,0.0,0.0,0.0,0.0,0.0,0.0,0.0,0.0,0.0,0.0,0.0,kashmore
94,0.40800380684630033,0.0,0.0,0.1647483176951178,0.0,0.0,0.0,0.009324421947209335,0.0,0.009922028699849388,0.0,0.0,0.0,0.0,0.0,0.0,0.0,0.009968970279626208,0.0,0.0,0.0,0.0,0.0,0.0,0.0,0.0,0.0,0.0,0.0,0.0,0.0,0.0,0.0,0.0,0.0,0.0,0.0,0.0,0.0,0.0,0.0,0.0,0.0,0.0,0.0,0.0,0.0,0.0,0.0,0.0,0.0,0.0,0.0,0.0,0.0,0.0,0.0,0.0,0.0,0.0,0.0,0.0,0.0,naushero
95,0.5653896736731039,7.935844958650071e-05,0.0008693715004057734,0.0707320754716981,0.0,0.0,0.013007404234593145,0.09531591277008855,0.004600192874018771,0.010727245375733215,0.0,0.0,0.0,0.0,0.0,0.0,0.0,0.0,0.0,0.0,0.0,0.0,0.0,0.0,0.0,0.0,0.0,0.0,0.0,0.0,0.0,0.0,0.0,0.0,0.0,0.0,0.0,0.0,0.0,0.0,0.0,0.0,0.0,0.0,0.0,0.0,0.0,0.0,0.0,0.0004176760504552669,0.0,0.0,0.0,0.0,0.0,0.0,0.0,0.0,0.0,0.0,0.0,0.0,0.0,nawabshah
96,0.4781374483112371,0.0,0.002026112118466677,0.03328634319635887,0.0,0.0,0.010960377907512564,0.010677835163550508,0.0013716202881389383,0.006939440661365204,0.0,0.002326237135203722,0.4011048585507058,0.0,0.0,0.0,0.0001683207416470832,0.0,0.0,0.0,0.0,0.0,0.0,0.0,0.0,0.0,0.0,0.0,0.0,0.0,0.0,0.0,0.0,0.0,0.0,0.0,0.0,0.0,0.0,0.0,0.0,0.0,0.0,0.0,0.0,0.0,0.0,0.0,0.0,0.0,0.0,0.0,0.0,0.0,0.0,0.0,0.0,0.0,0.0,0.0,0.0,0.0,0.0,khairpur
97,0.5384072242310598,0.0,0.0011547175327048162,0.2387688104095452,0.0,0.0004786652078774617,0.0028833301508497233,0.0013902465515368743,0.05079141747415896,0.0038026859608615558,0.0,0.0,0.040204872891064614,0.0,0.0,0.0,0.00019001680917927355,0.0,0.0,0.0,0.0,0.0,0.0,0.0,0.0,0.0,0.0,0.0,0.0,0.0,0.0,0.0,0.0,0.0,0.0,0.0,0.0,0.0,0.0,0.0,0.0,0.0,0.0,0.0,0.0,0.0,0.0,0.0,0.0,0.0,0.0,0.0,0.0,0.0,0.0,0.0,0.0,0.0,0.0,0.0,0.0,0.0,0.0,larkana
98,0.4858016461525774,0.0,0.0014624021134069251,0.08425077902685878,0.0,0.0,0.01570486247283293,0.0017469472316592486,0.0,0.0,0.0,0.0,0.0,0.0,0.0,0.0,0.0,0.0,0.0,0.0,0.0,0.0,0.0,0.0,0.0,0.0,0.0,0.0,0.0,0.0,0.0,0.0,0.0,0.0,0.0,0.0,0.0,0.0,0.0,0.0,0.0,0.0,0.0,0.0,0.0,0.0,0.0,0.0,0.0,0.0,0.0,0.0,0.0,0.0,0.0,0.0,0.0,0.0,0.0,0.0,0.0,0.0,0.0,kamber
99,0.6770893857379586,0.0,0.0,0.0,0.0,0.0006695805821631172,0.04194178368827304,0.02484495816606816,0.0,0.0005579838184692644,0.0,0.0,0.2548963080070678,0.0,0.0,0.0,0.0,0.0,0.0,0.0,0.0,0.0,0.0,0.0,0.0,0.0,0.0,0.0,0.0,0.0,0.0,0.0,0.0,0.0,0.0,0.0,0.0,0.0,0.0,0.0,0.0,0.0,0.0,0.0,0.0,0.0,0.0,0.0,0.0,0.0,0.0,0.0,0.0,0.0,0.0,0.0,0.0,0.0,0.0,0.0,0.0,0.0,0.0,matiari
100,0.3035122542810461,0.016582062921309832,0.00990307153332752,0.03523460251654386,0.007173564244028082,0.0,0.16414295684104493,0.31003191018954174,0.014085203180759178,0.009486714678784243,0.0,0.006356441647257101,0.00348809181365952,0.00011804546225865236,0.0,0.0,0.0,0.0,0.0,0.0,0.0,0.0007266938683763304,0.0,0.0008705852841575612,0.0,0.0,0.0043342734154668255,0.0,0.0,7.633749655421022e-05,0.0,0.0,0.0,0.0,0.0,0.0,0.0,0.0,0.0,0.0,0.0,0.0,0.0,0.0,0.0,0.0,0.0,0.0,0.0,0.0,0.0,0.0,0.0,0.0,0.0,0.0,0.0,0.0,0.0,0.0,0.0,0.0009713322964161481,0.0,hyderabad
101,0.5258140921136104,0.0,0.0,0.0005990113022242408,0.0018826069498476142,0.0,0.04320122171975487,0.06559168022560104,0.0001999818198345605,0.005397684261800852,0.0,0.0,0.0066483672005108055,0.0,0.0,0.0,0.0,0.0,0.0,0.0,0.0,0.0,0.0,0.0,0.0,0.0,0.0,0.0,0.0,0.002410796976959568,0.0,0.0,0.0,0.0,0.0,0.0,0.0,0.0,0.0,0.0,0.0,0.0,0.0,0.0,0.0,0.0,0.0,0.0,0.0,0.0,0.0,0.0,0.0,0.0,0.0,0.0,0.0,0.0,0.0,0.0,0.0,0.0,0.0,tando
102,0.4833926746359265,0.0,0.0008236491894341877,0.2127521315026192,0.0,0.0,0.0005567989545715582,0.0070465593311991774,0.0022758971297458523,0.0007961238381004734,0.0,0.0,0.00013076168682576005,0.0,0.0,0.0,0.0,0.0,0.0,0.0,0.0,0.0,0.0,0.0,0.0,0.0,0.0,0.0,0.0,0.0,0.0,0.0,0.0,0.0,0.0,0.0,0.0,0.0,0.0,0.0,0.0,0.0,0.0,0.0,0.0,0.0,0.0,0.0,0.0,0.0,0.0,0.0,0.0,0.0,0.0,0.0,0.0,0.0,0.0,0.0,0.0,0.0,0.0,badin
103,0.3279828674707997,0.0,0.0019721144704050817,0.0,0.0,0.0,0.0,0.0,0.0,0.0,0.0,0.0,0.0,0.0,0.0,0.0,0.0,0.0,0.0,0.0,0.0,0.0,0.0,0.0,0.0,0.0,0.0,0.0,0.0,0.0,0.0,0.0,0.0,0.0,0.0,0.0,0.0,0.0,0.0,0.0,0.0,0.0,0.0,0.0,0.0,0.0,0.0,0.0,0.0,0.0,0.0,0.0,0.0,0.0,0.0,0.0,0.0,0.0,0.0,0.0,0.0,0.0,0.0,tharparkar
104,0.46835315177197895,0.009104239700652328,0.0017945962415919577,0.15127265580180776,0.0011284862163469288,0.0,0.048259497378428176,0.13911713455076696,0.0010372027472930999,0.017314962634146572,0.0,0.0004775355103533763,0.09200831087931166,0.0,0.0,0.0,0.0,0.0,0.0,0.0,0.0,0.0,0.0,0.0,0.0,0.0,0.0,0.0,0.0,0.0,0.0,0.0,0.0,0.0,0.0,0.0,0.0,0.0,0.0,0.0,0.0,0.0,0.0,0.0,0.0,0.0,0.0,0.0,0.0,0.0,0.0,0.0,0.0,0.0,0.0,0.0,0.0,0.0,0.0,0.0,0.0,0.0,0.0,mirpurkhas
105,0.43371101504884607,0.0,0.0012825043282228136,0.0,0.0,0.0,0.0,0.0069155656196603806,0.0,0.0018523283161523362,0.0,0.0,0.30597586219174217,0.0,0.0,0.0,0.0,0.0,0.0,0.0,0.0,0.0,0.0,0.0,0.0,0.0,0.0,0.0,0.0,0.0,0.0,0.0,0.0,0.0,0.0,0.0,0.0,0.0,0.0,0.0,0.0,0.0,0.0,0.0,0.0,0.0,0.0,0.0,0.0,0.0,0.0,0.0,0.0,0.0,0.0,0.0,0.0,0.0,0.0,0.0,0.0,0.0,0.0,umerkot
106,0.6111698821649716,0.0,0.0,0.20063648704243095,0.0,0.0,0.0,0.017626327833283256,0.0015708014837892941,0.0014672373100759932,0.0,0.0,0.0,0.0,0.0,0.0,0.0,0.0,0.0,0.0,0.0,0.0,0.0,0.0,0.0,0.0,0.0,0.0,0.0,0.0,0.0,0.0,0.0,0.0,0.0,0.0,0.0,0.0,0.0,0.0,0.0,0.0,0.0,0.0,0.0,0.0,0.0,0.0,0.0,0.0,0.0,0.0,0.0,0.0,0.0,0.0,0.0,0.0,0.0,0.0,0.0,0.0,0.0,jamshoro
107,0.44004243140807564,0.0,0.0012189066486266212,0.2769045465886286,0.0,0.0004716441801966613,0.006298090293872254,0.004545901158376864,0.0034256993517250848,0.00012007947077702334,0.0,0.0,0.0,0.0,0.0,0.0,0.0,0.0,0.0,0.0,0.0,0.0,0.0,0.0,0.0,0.0,0.0,0.0,0.0,0.0,0.0,0.0,0.0,0.0,0.0,0.0,0.0,0.0,0.0,0.0,0.0,0.0,0.0,0.0,0.0,0.0,0.0,0.0,0.0,0.0,0.0,0.0,0.0,0.0,0.0,0.0,0.0,0.0,0.0,0.0,0.0,0.0,0.0,dadu
108,0.3410237255507848,0.0,0.0,0.0,0.00186564516269913,0.0,1.4355193421876166e-05,0.047277653079764746,0.0,0.023043995604566214,0.0,0.0,0.5594105512965948,0.0,0.0,0.0,0.0,0.0,0.0,0.0,0.0,0.0,0.0,0.0,0.0,0.0,0.0,0.0,0.0,0.0,0.0,0.0,0.0,0.0,0.0,0.0,0.0,0.0,0.0,0.0,0.0,0.0,0.0,0.0,0.0,0.0,0.0,0.0,0.0,0.0,0.0,0.0,0.0,0.0,0.0,0.0,0.0,0.0,0.0,0.0,0.0,0.0,0.0,sanghar
109,0.40780229953757907,0.0,0.0,0.5228906103643329,0.0,0.0,0.03192051919855994,0.028665956848574297,0.0010511571400681342,0.0,0.0,0.0,0.0,0.0,0.0,0.0,0.0,0.0,0.0,0.0,0.0,0.0,0.0,0.0,0.0,0.0,0.0,0.0,0.0,0.0,0.0,0.0,0.0,0.0,0.0,0.0,0.0,0.0,0.0,0.0,0.0,0.0,0.0,0.0,0.0,0.0,0.0,0.0,0.0,0.0,0.0,0.0,0.0,0.0,0.0,0.0,0.0,0.0,0.0,0.0,0.0,0.0,0.0,thatta
