,ANP,PPP,IND,AQP,JUI,PTI,PPP-SB,NPP-WG,HPG,PKMAP,TIP,PAP,PML-N,PML-J,JUI-S,PML-J Chattha,JUP-Noorani,PPP-ZAB,PML-Q Shuja,NPP,JMP,PSL,MJAH,MIP,PDP,KT,TI,AI,WP,SI,AIMP,SNP,JWP,PMI,UNA,MQM-H,MKP-KBG,AT,PKQP,PML-F,MWM,PakNP,ST,BNP,BNM,KJPP,JQM,JIP,District
0,0.6331832395249478,0.19334677988223736,0.008176380040807705,0.00043049295836518103,0.09286686713642416,0.03252397408853582,0.023891825255652022,0.004824738566491629,0.00472001555884685,0.0,0.0,0.0,0.0,0.0,0.0,0.0,0.0,0.0,0.0,0.0,0.0,0.0,0.0,0.0,0.0,0.0,0.0,0.0,0.0,0.0,0.0,0.0,0.0,0.0,0.0,0.0,0.0,0.0,0.0,0.0,0.0,0.0,0.0,0.0,0.0,0.0,0.0,0.0,peshawar
1,0.6276288838242506,0.32041369760263105,0.008366269509275019,0.0,0.0,0.043591149063843294,0.0,0.0,0.0,0.0,0.0,0.0,0.0,0.0,0.0,0.0,0.0,0.0,0.0,0.0,0.0,0.0,0.0,0.0,0.0,0.0,0.0,0.0,0.0,0.0,0.0,0.0,0.0,0.0,0.0,0.0,0.0,0.0,0.0,0.0,0.0,0.0,0.0,0.0,0.0,0.0,0.0,0.0,nowshera
2,0.5212850616495555,0.0,0.0,0.0,0.34123888588691853,0.0,0.05411406395834357,0.0,0.0,0.01458957606720047,0.012408508129881613,0.0,0.0,0.0,0.0,0.0,0.0,0.0,0.0,0.0,0.0,0.0,0.0,0.0,0.0,0.0,0.0,0.0,0.0,0.0,0.0,0.0,0.0,0.0,0.0,0.0,0.0,0.0,0.0,0.0,0.0,0.0,0.0,0.0,0.0,0.0,0.0,0.0,charsada
3,0.5012553316156602,0.23662356812636282,0.0,0.008194386031556526,0.0,0.08572077085345278,0.0,0.0,0.009507548333013328,0.0,0.0026930225616953155,0.033476237637194914,0.0,0.0,0.0,0.0,0.0,0.0,0.0,0.0,0.0,0.0,0.0,0.0,0.0,0.0,0.0,0.0,0.0,0.0,0.0,0.0,0.0,0.0,0.0,0.0,0.0,0.0,0.0,0.0,0.0,0.0,0.0,0.0,0.0,0.0,0.0,0.0,mardan
4,0.37538171536286524,0.11573044297832234,0.0,0.019142318567389256,0.0,0.03876531573986805,0.022610744580584353,0.0,0.0,0.0,0.0,0.016682375117813383,0.3448539114043355,0.009792648444863336,0.0,0.0,0.0,0.0,0.0,0.0,0.0,0.0,0.0,0.0,0.0,0.0,0.0,0.0,0.0,0.0,0.0,0.0,0.0,0.0,0.0,0.0,0.0,0.0,0.0,0.0,0.0,0.0,0.0,0.0,0.0,0.0,0.0,0.0,swabi
5,0.0,0.0,0.0,0.0,0.0,0.0,0.0619436474656073,0.0,0.0,0.0,0.0,0.0,0.6559258441845067,0.0,0.05340984330169941,0.0,0.0,0.0,0.0,0.0,0.0,0.0,0.0,0.0,0.0,0.0,0.0,0.0,0.0,0.0,0.0,0.0,0.0,0.0,0.0,0.0,0.0,0.0,0.0,0.0,0.0,0.0,0.0,0.0,0.0,0.0,0.0,0.0,kohat
6,0.4112231555945622,0.0,0.0,0.0,0.0,0.04766169332449714,0.0,0.0,0.0,0.0,0.0,0.0,0.10648206193691677,0.0,0.029625118661675415,0.0,0.0,0.0,0.0,0.0,0.0,0.0,0.0,0.0,0.0,0.0,0.0,0.0,0.0,0.0,0.0,0.0,0.0,0.0,0.0,0.0,0.0,0.0,0.0,0.0,0.0,0.0,0.0,0.0,0.0,0.0,0.0,0.0,karak
7,0.0,0.025337334215346556,0.11609898274088468,0.0,0.0024695460848240375,0.04816320242489709,0.00805037644820829,0.0,0.0,0.0,0.0,0.0,0.6718194096036648,0.0,0.0,0.0,0.0,0.0,0.0,0.0,0.0,0.0,0.0,0.0,0.0,0.0,0.0,0.0,0.0,0.0,0.0,0.0,0.0,0.0,0.0,0.0,0.0,0.0,0.0,0.0,0.0,0.0,0.0,0.0,0.0,0.0,0.0,0.0,abbottabad
8,0.0,0.061636641893311195,0.11597131225430866,0.0,0.0,0.09069448751162813,0.0,0.0,0.0,0.0,0.0,0.0,0.731697558340752,0.0,0.0,0.0,0.0,0.0,0.0,0.0,0.0,0.0,0.0,0.0,0.0,0.0,0.0,0.0,0.0,0.0,0.0,0.0,0.0,0.0,0.0,0.0,0.0,0.0,0.0,0.0,0.0,0.0,0.0,0.0,0.0,0.0,0.0,0.0,haripur
9,0.0,0.0,0.0,0.0,0.13882728119791599,0.005531568655756637,0.0,0.0,0.0,0.0,0.0,0.0,0.4661468941360196,0.0,0.0,0.0,0.0,0.0,0.0,0.0,0.0,0.0,0.0,0.0,0.0,0.0,0.0,0.0,0.0,0.0,0.0,0.0,0.0,0.0,0.0,0.0,0.0,0.0,0.0,0.0,0.0,0.0,0.0,0.0,0.0,0.0,0.0,0.0,mansehra
10,0.0,0.0,0.0,0.0,0.0,0.0,0.0,0.0,0.0,0.0,0.0,0.14141819955806811,0.4947915172037765,0.0,0.3637902832381554,0.0,0.0,0.0,0.0,0.0,0.0,0.0,0.0,0.0,0.0,0.0,0.0,0.0,0.0,0.0,0.0,0.0,0.0,0.0,0.0,0.0,0.0,0.0,0.0,0.0,0.0,0.0,0.0,0.0,0.0,0.0,0.0,0.0,battagram
11,0.0,0.0345658817958762,0.0,0.0,0.0664629159312987,0.0,0.010417115061770909,0.0,0.0,0.0,0.0,0.0,0.3531488097800353,0.0,0.0,0.0,0.0,0.0,0.0,0.0,0.0,0.0,0.0,0.0,0.0,0.0,0.0,0.0,0.0,0.0,0.0,0.0,0.0,0.0,0.0,0.0,0.0,0.0,0.0,0.0,0.0,0.0,0.0,0.0,0.0,0.0,0.0,0.0,kohistan
12,0.0,0.03077149546382958,0.0,0.0,0.10619713177271785,0.011772622228499908,0.0,0.0,0.0,0.0,0.0,0.0,0.4362775241687849,0.0,0.0,0.0,0.0,0.0,0.0,0.0,0.0,0.0,0.0,0.0,0.0,0.0,0.0,0.0,0.0,0.0,0.0,0.0,0.0,0.0,0.0,0.0,0.0,0.0,0.0,0.0,0.0,0.0,0.0,0.0,0.0,0.0,0.0,0.0,dera
13,0.0,0.0,0.0,0.0,0.28291927429041025,0.08263796700170681,0.005452304191162526,0.0,0.0067166066123016625,0.0,0.0,0.0,0.30137808963904167,0.0,0.0,0.0,0.0,0.0,0.0,0.0,0.0,0.0,0.0,0.0,0.0,0.0,0.0,0.0,0.0,0.0,0.0,0.0,0.0,0.0,0.0,0.0,0.0,0.0,0.0,0.0,0.0,0.0,0.0,0.0,0.0,0.0,0.0,0.0,bannu
14,0.0,0.0,0.0,0.0,0.0768259461481802,0.0,0.0,0.0,0.0,0.0,0.0,0.0,0.41823432439700226,0.414107165822918,0.0,0.0,0.0,0.0,0.0,0.0,0.0,0.0,0.0,0.0,0.0,0.0,0.0,0.0,0.0,0.0,0.0,0.0,0.0,0.0,0.0,0.0,0.0,0.0,0.0,0.0,0.0,0.0,0.0,0.0,0.0,0.0,0.0,0.0,lakki
15,0.1973082379577816,0.12508289778798642,0.0,0.0,0.056055812236576685,0.09416999337663999,0.0,0.0,0.0,0.0,0.0,0.006503601226556372,0.38209596347782543,0.0,0.0,0.0,0.0,0.0,0.0,0.0,0.0,0.0,0.0,0.0,0.0,0.0,0.0,0.0,0.0,0.0,0.0,0.0,0.0,0.0,0.0,0.0,0.0,0.0,0.0,0.0,0.0,0.0,0.0,0.0,0.0,0.0,0.0,0.0,swat
16,0.34900589838756874,0.20872283738622888,0.11969260622487796,0.0,0.051622441593642675,0.036807170468020886,0.0,0.0,0.0,0.0,0.0,0.23414904593966088,0.0,0.0,0.0,0.0,0.0,0.0,0.0,0.0,0.0,0.0,0.0,0.0,0.0,0.0,0.0,0.0,0.0,0.0,0.0,0.0,0.0,0.0,0.0,0.0,0.0,0.0,0.0,0.0,0.0,0.0,0.0,0.0,0.0,0.0,0.0,0.0,buner
17,0.0,0.2442494854013869,0.0,0.0,0.13065808669237994,0.0,0.13943124362996862,0.0,0.0,0.0,0.0,0.0,0.48566118427626453,0.0,0.0,0.0,0.0,0.0,0.0,0.0,0.0,0.0,0.0,0.0,0.0,0.0,0.0,0.0,0.0,0.0,0.0,0.0,0.0,0.0,0.0,0.0,0.0,0.0,0.0,0.0,0.0,0.0,0.0,0.0,0.0,0.0,0.0,0.0,chitral
18,0.0,0.3563110811222602,0.0,0.0,0.0,0.0,0.0,0.0,0.0,0.0,0.0,0.0,0.507759615175326,0.0,0.0,0.0,0.0,0.0,0.0,0.0,0.0,0.0,0.0,0.0,0.0,0.0,0.0,0.0,0.0,0.0,0.0,0.0,0.0,0.0,0.0,0.0,0.0,0.0,0.0,0.0,0.0,0.0,0.0,0.0,0.0,0.0,0.0,0.0,upper
19,0.0,0.3307459603039917,0.0,0.0,0.0,0.03314395336825795,0.0,0.0,0.0,0.0,0.0,0.05648933815391426,0.49401608499963107,0.0,0.0,0.0,0.0,0.0,0.0,0.0,0.0,0.0,0.0,0.0,0.0,0.0,0.0,0.0,0.0,0.0,0.0,0.0,0.0,0.0,0.0,0.0,0.0,0.0,0.0,0.0,0.0,0.0,0.0,0.0,0.0,0.0,0.0,0.0,malakand
20,0.0,0.0,0.0,0.0,0.0,0.0,0.0,0.0,0.0,0.0,0.0,0.0,0.0,0.0,0.0,0.0,0.0,0.0,0.0,0.0,0.0,0.0,0.0,0.0,0.0,0.0,0.0,0.0,0.0,0.0,0.0,0.0,0.0,0.0,0.0,0.0,0.0,0.0,0.0,0.0,0.0,0.0,0.0,0.0,0.0,0.0,0.0,0.0,tribal
21,0.0,0.28644228831370744,0.0039059875814547165,0.0,0.0,0.05631531972475744,0.0,0.0,0.005537481165846121,0.0,0.0,0.0,0.6477989232142343,0.0,0.0,0.0,0.0,0.0,0.0,0.0,0.0,0.0,0.0,0.0,0.0,0.0,0.0,0.0,0.0,0.0,0.0,0.0,0.0,0.0,0.0,0.0,0.0,0.0,0.0,0.0,0.0,0.0,0.0,0.0,0.0,0.0,0.0,0.0,islamabad
22,0.0,0.2336150253697923,0.0394765016428545,0.0,0.0,0.02632904751011661,0.0020077034183919114,0.0,0.001987305546229236,0.0,0.0,0.0,0.6415995860532755,0.0012417633410672854,0.0,0.040181636947613245,0.00029963740686137787,0.0,0.0,0.0,0.0,0.0,0.0,0.0,0.0,0.0,0.0,0.0,0.0,0.0,0.0,0.0,0.0,0.0,0.0,0.0,0.0,0.0,0.0,0.0,0.0,0.0,0.0,0.0,0.0,0.0,0.0,0.0,rawalpindi
23,0.0,0.36062440284850295,0.0,0.0,0.0,0.029588439299800436,0.0,0.0,0.0,0.0,0.0,0.0,0.5835945297297448,0.0,0.0,0.0,0.0,0.0,0.0,0.0,0.0,0.0,0.0,0.0,0.0,0.0,0.0,0.0,0.0,0.0,0.0,0.0,0.0,0.0,0.0,0.0,0.0,0.0,0.0,0.0,0.0,0.0,0.0,0.0,0.0,0.0,0.0,0.0,attock
24,0.0,0.1314743793308417,0.00631599141143224,0.0,0.0,0.01777495805583,0.0,0.0,0.0,0.0,0.0,0.0,0.6600802472474597,0.0,0.0,0.16828501649093552,0.0,0.0,0.0,0.0,0.0,0.0,0.0,0.0,0.0,0.0,0.0,0.0,0.0,0.0,0.0,0.0,0.0,0.0,0.0,0.0,0.0,0.0,0.0,0.0,0.0,0.0,0.0,0.0,0.0,0.0,0.0,0.0,chakwal
25,0.0,0.3079898510008941,0.004391755602009755,0.0,0.0,0.023498453917933603,0.0,0.0,0.0,0.0,0.0,0.0,0.6447233877550247,0.0,0.0,0.0,0.0,0.013079844006568144,0.006316707717569786,0.0,0.0,0.0,0.0,0.0,0.0,0.0,0.0,0.0,0.0,0.0,0.0,0.0,0.0,0.0,0.0,0.0,0.0,0.0,0.0,0.0,0.0,0.0,0.0,0.0,0.0,0.0,0.0,0.0,jhelum
26,0.0,0.2942215135314309,0.0,0.0,0.0,0.015803434465033527,0.0,0.0,0.0,0.0,0.0,0.0,0.5896850797085833,0.01054375683573026,0.0,0.0,0.0,0.0,0.0,0.0,0.0,0.0,0.0,0.0,0.0,0.0,0.0,0.0,0.0,0.0,0.0,0.0,0.0,0.0,0.0,0.0,0.0,0.0,0.0,0.0,0.0,0.0,0.0,0.0,0.0,0.0,0.0,0.0,sargodha
27,0.0,0.026363338403744822,0.3765410829390458,0.0,0.0,0.017564353606575288,0.0,0.0,0.0,0.0,0.0,0.0,0.579531225050634,0.0,0.0,0.0,0.0,0.0,0.0,0.0,0.0,0.0,0.0,0.0,0.0,0.0,0.0,0.0,0.0,0.0,0.0,0.0,0.0,0.0,0.0,0.0,0.0,0.0,0.0,0.0,0.0,0.0,0.0,0.0,0.0,0.0,0.0,0.0,khushab
28,0.0,0.09499967964266427,0.0,0.0,0.0,0.08777991860487977,0.0,0.0,0.0,0.0,0.0,0.0,0.43891059918089864,0.0,0.0,0.0,0.0,0.0,0.177933861549653,0.016658581457717408,0.0,0.0,0.0,0.0,0.0,0.0,0.0,0.0,0.0,0.0,0.0,0.0,0.0,0.0,0.0,0.0,0.0,0.0,0.0,0.0,0.0,0.0,0.0,0.0,0.0,0.0,0.0,0.0,mianwali
29,0.0,0.0,0.24588454000218707,0.0,0.0,0.0,0.0,0.0,0.0030282917116070686,0.0,0.0,0.0,0.49630412671979085,0.0,0.0,0.0,0.0,0.0,0.0,0.0,0.0,0.0,0.0,0.0,0.0,0.0,0.0,0.0,0.0,0.0,0.0,0.0,0.0,0.0,0.0,0.0,0.0,0.0,0.0,0.0,0.0,0.0,0.0,0.0,0.0,0.0,0.0,0.0,bhakkar
30,0.0,0.21582824608573464,0.019109055723219626,0.0,0.0,0.012510748329584293,0.0003103297630346033,0.0,0.0,0.0,0.0,0.0,0.6459896983981915,0.025347543029002623,0.0,0.03848150607090439,0.0,0.0,0.0,0.0,0.0001818744404998949,0.00019714980978482015,0.00023701561189697854,0.0,0.0,0.0,0.0,0.0,0.0,0.0,0.0,0.0,0.0,0.0,0.0,0.0,0.0,0.0,0.0,0.0,0.0,0.0,0.0,0.0,0.0,0.0,0.0,0.0,faisalabad
31,0.0,0.2141747446526404,0.047197456296819075,0.0,0.00023646533994376497,0.004570694286203245,0.0,0.0,0.0,0.0,0.0,0.0,0.4958444326495058,0.0,0.0,0.0,0.0,0.0,0.0,0.0,0.0,0.0,0.0,0.08888314182564538,0.0004749177835845364,0.0,0.0,0.0,0.0,0.0,0.0,0.0,0.0,0.0,0.0,0.0,0.0,0.0,0.0,0.0,0.0,0.0,0.0,0.0,0.0,0.0,0.0,0.0,jhang
32,0.0,0.25331909885776893,0.0,0.0,0.0,0.013430205463865183,0.004129254177738863,0.0,0.0,0.0,0.0,0.0,0.5608025749124296,0.004285080708202914,0.0,0.0,0.0,0.0,0.0,0.0,0.0,0.0,0.0,0.0,0.0,0.0,0.0,0.0,0.0,0.0,0.0,0.0,0.0,0.0,0.0,0.0,0.0,0.0,0.0,0.0,0.0,0.0,0.0,0.0,0.0,0.0,0.0,0.0,toba
33,0.0,0.0,0.0,0.0,0.0,0.02253105057857714,0.0,0.0,0.0,0.0,0.0,0.0,0.5568376556609163,0.0,0.0,0.37393709911703743,0.0,0.0,0.0,0.0,0.0,0.0,0.0,0.0,0.0,0.0,0.0,0.0,0.0,0.0,0.0,0.0,0.0,0.0,0.0,0.0,0.0,0.0,0.0,0.0,0.0,0.0,0.0,0.0,0.0,0.0,0.0,0.0,gujranwala
34,0.0,0.41847181547547013,0.0,0.0,0.0,0.019790078337407525,0.0,0.0,0.0,0.0,0.0,0.0,0.5157279892860889,0.0,0.0,0.0,0.0,0.0,0.0,0.0,0.0,0.0,0.0,0.0,0.0,0.0,0.0,0.0,0.0,0.0,0.0,0.0,0.0,0.0,0.0,0.0,0.0,0.0,0.0,0.0,0.0,0.0,0.0,0.0,0.0,0.0,0.0,0.0,hafizabad
35,0.0,0.24226216902017078,0.0,0.0,0.0,0.022991068843365013,0.0030999689197837585,0.0,0.0011542680494615078,0.0,0.0,0.0,0.6339758381803967,0.0,0.0006150126713817638,0.0,0.0,0.0042486533788941875,0.0,0.00545225850298733,0.0,0.0,0.0,0.0,0.0,0.0,0.0,0.0,0.0,0.0,0.0,0.0,0.0,0.0,0.0,0.0,0.0,0.0,0.0,0.0,0.0,0.0,0.0,0.0,0.0,0.0,0.0,0.0,guranwala
36,0.0,0.313535220776968,0.0,0.0010259448446271557,0.0,0.01972867082625654,0.0015822670491080781,0.0,0.0004720309613777524,0.0,0.0,0.0,0.6033069110417563,0.021704816248005073,0.0,0.0,0.0,0.0,0.0,0.0,0.0,0.0,0.0,0.0,0.0,0.0036682106898177683,0.0,0.0,0.0,0.0,0.0,0.0,0.0,0.0,0.0,0.0,0.0,0.0,0.0,0.0,0.0,0.0,0.0,0.0,0.0,0.0,0.0,0.0,gujrat
37,0.0,0.30363276467679934,0.0,0.0,0.0,0.005959084084084084,0.0,0.0,0.0,0.0,0.0,0.0,0.5557292784676303,0.0,0.0,0.0,0.0,0.006160893635784626,0.0,0.0,0.0,0.0,0.0,0.0,0.0,0.0,0.0,0.0,0.0,0.0,0.0,0.0,0.0,0.0,0.0,0.0,0.0,0.0,0.0,0.0,0.0,0.0,0.0,0.0,0.0,0.0,0.0,0.0,mandi
38,0.0,0.14290062051143787,0.0,0.0,0.0,0.011071474279797726,0.0011995833782279207,0.0,0.0,0.0,0.0,0.0,0.6652953505504977,0.0,0.0,0.1270742382831303,0.0,0.0,0.0,0.0,0.0,0.0,0.0,0.0,0.0,0.0,0.0,0.0,0.0,0.0,0.0,0.0,0.0,0.0,0.0,0.0,0.0,0.0,0.0,0.0,0.0,0.0,0.0,0.0,0.0,0.0,0.0,0.0,sialkot
39,0.0,0.03115794909107979,0.0076793938156491754,0.0,0.0,0.014527667829066237,0.0,0.0,0.0,0.0,0.0,0.0,0.5151100235599151,0.0,0.0,0.14398579822591256,0.0,0.0,0.0,0.0,0.0,0.0,0.0,0.0,0.0,0.0,0.0,0.0,0.0,0.0,0.0,0.0,0.0,0.0,0.0,0.0,0.0,0.0,0.0,0.0,0.0,0.0,0.0,0.0,0.0,0.0,0.0,0.0,narowal
40,0.0,0.18932011792248876,0.0016345020919102042,0.0003930763076723871,0.0,0.0470011562279003,0.0011170360702210556,0.0,0.0011420899263971018,0.0,0.0,6.348633540165131e-05,0.6828864234886574,0.0,0.0,0.018231342484200216,0.0,0.0003725645472254801,0.0002797745558578926,0.0,0.0,0.0,0.0,0.0,0.00025850503962324963,0.0009977199279837107,0.00018382097917620454,0.00026924540590625147,0.00030870322594871115,0.0,0.0,0.0,0.0,0.0,0.0,0.0,0.0,0.0,0.0,0.0,0.0,0.0,0.0,0.0,0.0,0.0,0.0,0.0,lahore
41,0.0,0.18293692324782923,0.0019012292752029376,0.0028798031668515085,0.0,0.028929826607840537,0.008574763215396597,0.0,0.0,0.0,0.0,0.0,0.6155888733159737,0.0,0.0006029853463183763,0.0,0.0,0.005235764593529904,0.0,0.0,0.0,0.0,0.0,0.0,0.0,0.0,0.0,0.0,0.0004632047857924251,0.0009263459472364808,0.0,0.0,0.0,0.0,0.0,0.0,0.0,0.0,0.0,0.0,0.0,0.0,0.0,0.0,0.0,0.0,0.0,0.0,sheikhupura
42,0.0013678106847746052,0.0,0.0,0.0,0.0,0.008450778449828843,0.0,0.0,0.0,0.0,0.0,0.0,0.6274224240720432,0.0,0.021466943022714777,0.27419839026360765,0.0,0.0,0.0,0.0,0.0,0.0,0.0,0.0,0.0,0.0,0.0,0.0,0.0,0.0,0.0,0.0,0.0,0.0,0.0,0.0,0.0,0.0,0.0,0.0,0.0,0.0,0.0,0.0,0.0,0.0,0.0,0.0,kasur
43,0.0,0.2489735754029891,0.008038551597257066,0.0,0.0,0.011074659503786477,0.0,0.0,0.0,0.0,0.0,0.0,0.51744594274527,0.18438013373457074,0.0,0.0,0.0,0.0,0.0,0.0,0.0,0.0,0.0,0.0,0.00040588342812906557,0.0,0.0,0.0,0.0,0.0,0.0012073507275464125,0.0,0.0,0.0,0.0,0.0,0.0,0.0,0.0,0.0,0.0,0.0,0.0,0.0,0.0,0.0,0.0,0.0,okara
44,0.0005641292684466326,0.35515857708836246,0.000911480570212775,0.0,0.0,0.011699363789394885,0.0005404595089313892,0.0,0.004580960757530546,0.0,0.0,0.0,0.6063786500701303,0.0,0.0,0.0,0.0,0.0009507353405289403,0.0,0.0,0.0,0.0005067890228466911,0.0,0.0,0.0,0.0,0.0,0.0,0.0,0.0,0.0,0.0,0.0,0.0,0.0,0.0,0.0,0.0,0.0,0.0,0.0,0.0,0.0,0.0,0.0,0.0,0.0,0.0,multan
45,0.0,0.3795919672039445,0.0,0.0,0.0,0.004834701167520398,0.0,0.0,0.0,0.0,0.0,0.0,0.5830170133533648,0.0,0.0,0.0,0.0,0.0,0.0,0.0,0.0,0.0,0.0,0.0,0.0,0.0,0.0,0.0,0.0,0.0,0.0,0.0,0.0,0.0,0.0,0.0,0.0,0.0,0.0,0.0,0.0,0.0,0.0,0.0,0.0,0.0,0.0,0.0,lodhran
46,0.0,0.37561545150126036,0.0,0.0,0.004537581118532942,0.010132990067142954,0.0,0.0,0.0,0.0,0.0,0.0,0.5627177299153782,0.0,0.0,0.0,0.000391448108139622,0.0,0.0,0.0,0.0,0.0,0.0,0.0,0.0,0.0,0.0,0.0,0.0,0.0,0.0,0.0,0.0,0.0,0.0,0.0,0.0,0.0,0.0,0.0,0.0,0.0,0.0,0.0,0.0,0.0,0.0,0.0,khanewal
47,0.0,0.2804259693489788,0.0018613065221539918,0.0,0.0,0.013245973782413012,0.00540450652698096,0.0,0.0,0.0,0.0,0.0,0.6733293463249379,0.0,0.0,0.0,0.0,0.0,0.0,0.007831145355049902,0.0,0.0,0.0,0.0,0.0,0.0,0.0,0.0,0.0,0.0,0.0,0.0,0.0,0.0,0.0,0.0,0.0,0.0,0.0,0.0,0.0,0.0,0.0,0.0,0.0,0.0,0.0,0.0,sahiwal
48,0.0,0.35516764387505034,0.009357076822273882,0.0,0.0,0.0,0.0,0.0,0.0,0.0,0.0,0.0,0.584891588679931,0.0,0.0,0.0,0.0,0.0,0.0,0.0,0.0,0.0,0.0,0.0,0.0,0.0,0.0,0.0,0.0,0.0,0.0,0.0,0.0,0.0,0.0,0.0,0.0,0.0,0.0,0.0,0.0,0.0,0.0,0.0,0.0,0.0,0.0,0.0,pakpattan
49,0.0,0.23753920621692037,0.0,0.0020327006686939896,0.0,0.012058879026294858,0.0,0.0,0.0,0.0,0.0,0.0,0.6158674737212979,0.0,0.0,0.0,0.0,0.0,0.0,0.0,0.0,0.0,0.0,0.0,0.0,0.0,0.0,0.0,0.0,0.0,0.0,0.0,0.0,0.0,0.0,0.0,0.0,0.0,0.0,0.0,0.0,0.0,0.0,0.0,0.0,0.0,0.0,0.0,vehari
50,0.0,0.0,0.0,0.0,0.0,0.0,0.0,0.0,0.0,0.0,0.0,0.0,0.1452293033402971,0.0,0.0,0.0,0.0,0.0,0.0,0.0,0.0,0.0,0.0,0.0,0.0,0.0,0.0,0.0,0.0,0.0,0.0,0.0,0.0,0.0,0.0,0.0,0.0,0.0,0.0,0.0,0.0,0.0,0.0,0.0,0.0,0.0,0.0,0.0,rajanpur
51,0.0,0.11891647058881291,0.03305707419094445,0.0,0.0,0.004020504794413548,0.005626164651918391,0.0,0.0023667210200637423,0.0,0.0,0.0,0.58755249264052,0.0,0.0,0.00293133928998041,0.0,0.0,0.0,0.0,0.0,0.0,0.0,0.0,0.1057092536875321,0.0,0.003479905774859019,0.0,0.0,0.0,0.0,0.0,0.0,0.0,0.0,0.0,0.0,0.0,0.0,0.0,0.0,0.0,0.0,0.0,0.0,0.0,0.0,0.0,muzaffargarh
52,0.0,0.331870649475283,0.0,0.0,0.0,0.019888418298380697,0.0,0.0,0.0,0.0,0.0,0.0,0.5697450413582039,0.0,0.0,0.0,0.0,0.0,0.0,0.0,0.0,0.0,0.0,0.0,0.0,0.0,0.0,0.0,0.0,0.0,0.0,0.0,0.0,0.0,0.0,0.0,0.0,0.0,0.0,0.0,0.0,0.0,0.0,0.0,0.0,0.0,0.0,0.0,layyah
53,0.0,0.0,0.07783380778094076,0.0,0.0,0.026861275860523042,0.0,0.0,0.002827225432361079,0.0,0.0,0.0,,0.0,0.0,0.08813054756619652,0.0,0.0,0.0,0.0,0.0,0.0,0.0,0.0,0.0,0.0,0.0,0.0,0.0,0.0,0.0,0.0,0.0,0.0,0.0,0.0,0.0,0.0,0.0,0.0,0.0,0.0,0.0,0.0,0.0,0.0,0.0,0.0,bahawalpur
54,0.0,0.23868455252463108,0.0,0.0,0.0,0.011779364022096013,0.0028902526640232095,0.0,0.0,0.0,0.0,0.0,0.5567932847042835,0.0,0.04057322430444726,0.09341219829217329,0.0,0.0,0.0,0.0,0.0,0.0,0.0,0.0,0.0,0.0,0.0,0.0,0.0,0.0,0.0,0.0,0.0,0.0,0.0,0.0,0.0,0.0,0.0,0.0,0.0,0.0,0.0,0.0,0.0,0.0,0.0,0.0,bahawalnagar
55,0.0,0.3698389986368428,0.0028333448597807668,0.0,0.0,0.009599369451396809,0.0,0.0,0.005292699297297031,0.0,0.0,0.0,0.5822681786588157,0.0,0.0,0.0,0.0,0.0,0.0,0.0,0.0,0.0,0.0,0.0,0.0,0.0,0.0,0.0,0.0,0.0,0.0,0.007579326564899269,0.0,0.0,0.0,0.0,0.0,0.0,0.0,0.0,0.0,0.0,0.0,0.0,0.0,0.0,0.0,0.0,ryk
56,0.0,0.5779886797411168,0.0,0.0,0.0565844585100831,0.0012965081440322493,0.026523941820558915,0.0,0.022576508447400032,0.0,0.0,0.0,0.015645257939750502,0.0,0.0,0.0,0.0,0.0,0.0,0.0,0.0,0.0,0.0,0.0,0.0,0.0,0.0,0.0,0.0,0.0,0.0,0.0,0.0,0.0,0.0,0.0,0.0,0.0,0.0,0.0,0.0,0.0,0.0,0.0,0.0,0.0,0.0,0.0,sukkur
57,0.0,0.5579881870346088,0.0,0.0,0.03107218900744626,0.0,0.0,0.0,0.0,0.0,0.0,0.0,0.0,0.0,0.0,0.0,0.0,0.0,0.0,0.0,0.0,0.0,0.0,0.0,0.0,0.0,0.0,0.0,0.0,0.0,0.0,0.0,0.0,0.0,0.0,0.0,0.0,0.0,0.0,0.0,0.0,0.0,0.0,0.0,0.0,0.0,0.0,0.0,ghotki
58,0.0,0.3499173699702536,0.08372572729212605,0.0,0.13563553595561562,0.0,0.13264812575574364,0.0,0.0,0.0,0.0,0.0,0.0,0.0,0.0,0.0,0.0,0.0,0.0,0.0,0.0,0.0,0.0,0.0,0.0,0.0,0.0,0.0,0.0,0.0,0.0,0.0,0.0,0.0,0.0,0.0,0.0,0.0,0.0,0.0,0.0,0.0,0.0,0.0,0.0,0.0,0.0,0.0,shikarpur
59,0.0,0.2831363250650023,0.008579425604413436,0.0,0.07952300298133524,0.0,0.3733885580545159,0.0,0.0,0.0,0.0,0.0,0.2277785394303282,0.0,0.0,0.0,0.0,0.0,0.0,0.0,0.0,0.0,0.0,0.0,0.0,0.0,0.0,0.0,0.0,0.0,0.0,0.0,0.002454161934122992,0.0,0.0,0.0,0.0,0.0,0.0,0.0,0.0,0.0,0.0,0.0,0.0,0.0,0.0,0.0,jacobabad
60,0.0,0.27697945990813533,0.0,0.0,0.005897981524988007,0.0,0.0603316099126404,0.0,0.001043450316544127,0.0,0.0,0.0,0.19783950100789335,0.0,0.0,0.0,0.0,0.0,0.0,0.4257767066756133,0.0,0.0,0.0,0.0,0.0,0.0,0.0,0.0,0.0,0.0008979200236165267,0.0,0.0005781128919174897,0.0,0.000719566046322833,0.0,0.0,0.0,0.0,0.0,0.0,0.0,0.0,0.0,0.0,0.0,0.0,0.0,0.0,naushero
61,0.0,0.3396382717538421,0.0,0.0,0.0,0.0009596308116967136,0.06417738852962519,0.0,0.08278954056652144,0.0,0.0,0.0,0.47412478731058044,0.0,0.0,0.0,0.0,0.0,0.0,0.0,0.0,0.0,0.0,0.0,0.0,0.0,0.0,0.0,0.0,0.0,0.0,0.0,0.0,0.0013585784525144485,0.0,0.0,0.0,0.0,0.0,0.0,0.0,0.0,0.0,0.0,0.0,0.0,0.0,0.0,nawabshah
62,0.0,0.4234402153534901,0.0,0.0,0.0,0.0011354432992965015,0.03191633705280168,0.0,0.0,0.0,0.0,0.0,0.2938810071279043,0.0,0.0,0.0,0.0,0.0,0.0,0.0,0.0,0.0,0.0,0.0,0.0,0.0,0.0,0.0,0.0,0.0,0.0,0.0,0.0,0.0,0.007312840852751612,0.0,0.0,0.0,0.0,0.0,0.0,0.0,0.0,0.0,0.0,0.0,0.0,0.0,khairpur
63,0.0,0.47911452477829125,0.0,0.0,0.04349997736970524,0.0036116268679010723,0.26484128620651076,0.0,0.0,0.0,0.0,0.0,0.08957038900023619,0.0,0.0,0.0,0.0,0.0,0.0,0.0,0.0,0.0,0.0,0.0,0.0,0.008379228633399953,0.0,0.0,0.0,0.0,0.0,0.0,0.0,0.0,0.0,0.0,0.0,0.0,0.0,0.0,0.0,0.0,0.0,0.0,0.0,0.0,0.0,0.0,larkana
64,0.0,0.37533201671534505,0.0,0.0,0.0,0.003994954667278591,0.1567607818991663,0.0,0.2821000762523329,0.0,0.0,0.0,0.09127347228323418,0.01670739748443678,0.0,0.0,0.0,0.0,0.0,0.0,0.0,0.0,0.0,0.0,0.0,0.0,0.0,0.0,0.0,0.0,0.0,0.0,0.0,0.0,0.0017930340751917515,0.0011198624992078588,0.0006120928972848534,0.0007371504948088944,0.0,0.0,0.0,0.0,0.0,0.0,0.0,0.0,0.0,0.0,hyderabad
65,0.0,0.4167437535981501,0.0,0.0,0.0,0.0012002384366290215,0.15502289163930372,0.0,0.0,0.0,0.0,0.0,0.3345670736631038,0.0,0.0,0.0,0.0,0.0,0.0,0.0,0.0,0.0,0.0,0.0,0.0,0.0,0.0,0.0,0.0,0.0,0.0,0.0,0.0,0.0,0.03946923404842333,0.0,0.0,0.0,0.0,0.0,0.0,0.0,0.0,0.0,0.0,0.0,0.0,0.0,badin
66,0.0,0.3250608812432978,0.0,0.0,0.0,0.0018343046413148295,0.03616079517510936,0.0,0.15336023865487744,0.0,0.0,0.0,0.33975561129859133,0.0,0.0,0.10353842569823726,0.0,0.0,0.0,0.0,0.0,0.0,0.0,0.0,0.0,0.0,0.0,0.0,0.0,0.0,0.0,0.0,0.0,0.0,0.0,0.0032388579095216133,0.0,0.0,0.0,0.0,0.0,0.0,0.0,0.0,0.0,0.0,0.0,0.0,mirpurkhas
67,0.0,0.3392101551480959,0.0,0.0,0.0,0.0,0.0,0.0,0.0,0.0,0.0,0.0,0.0,0.0,0.0,0.0,0.0,0.0,0.0,0.0,0.0,0.0,0.0,0.0,0.0,0.0,0.0,0.0,0.0,0.0,0.0,0.0,0.0,0.0,0.0,0.0,0.0,0.0,0.0,0.0,0.0,0.0,0.0,0.0,0.0,0.0,0.0,0.0,tharparkar
68,0.0,0.4560474848136175,0.003025707277799622,0.0,0.0,0.0016085127443702053,0.13980474191417722,0.0,0.008888681330655833,0.0,0.0,0.0,0.21961924960291876,0.0,0.0,0.0,0.0,0.0,0.0,0.0,0.0,0.0,0.0,0.0,0.0,0.0,0.0,0.0,0.0,0.0,0.0,0.0,0.0,0.0,0.0008522859944893289,0.0,0.0,0.0,0.0,0.0,0.0,0.0,0.0,0.0,0.0,0.0,0.0,0.0,dadu
69,0.0,0.27619709245568685,0.0,0.0,0.0013510586730747414,0.0,0.016107803991772196,0.0,0.05314330372336636,0.0,0.0,0.0,0.062319658360798696,0.004007591982251177,0.0,0.0,0.0,0.0,0.0,0.0,0.0,0.0,0.0,0.0,0.0,0.0,0.0,0.0,0.0,0.0,0.0,0.0,0.0,0.0,0.00569301059188746,0.0,0.0,0.0,0.0,0.0,0.0,0.0,0.0,0.0,0.0,0.0,0.0,0.0,sanghar
70,0.0,0.5550318644679278,0.19700498048189527,0.0,0.0,0.0,0.10129210047875359,0.0,0.0,0.0,0.0,0.0,0.020919368973415644,0.0,0.0,0.0,0.0,0.0,0.0,0.0,0.0,0.0,0.0,0.0,0.0,0.0,0.0,0.0,0.0,0.0,0.0,0.0,0.0,0.0,0.10778715908400656,0.0,0.0,0.0,0.0,0.0,0.0,0.0,0.0,0.0,0.0,0.0,0.0,0.0,thatta
71,0.004608952861923377,0.10244393973606397,4.662171465992712e-05,0.0,0.0009945797652971768,0.016096477628978745,0.01654782125543096,6.207164101900943e-05,0.5613524705641441,0.0006955038041101864,0.0,0.0,0.2548950152329869,0.0,0.0,0.0009577431246413026,4.087448854034383e-05,0.001174928752581902,0.0,0.0,0.0,0.0,0.0,0.0,0.0004772184465874256,0.0,0.0,0.0,6.45477782654721e-05,0.0001965121249415484,0.0,0.0,0.0,0.0,0.0,0.008951768349789647,0.0,0.0,0.00017191378748575636,0.0005345014804173496,0.00021651179545916388,3.029687240213556e-05,0.0,0.0,0.0,0.0,0.0,0.0,karachi
72,0.0,0.15738629127026443,0.0,0.0,0.005374509469373827,0.01868937543244419,0.08195749721335532,0.0,0.450126484564926,0.0,0.0,0.0,0.193614120811207,0.0,0.0,0.0,0.0,0.0,0.0,0.0,0.0,0.0,0.0,0.0,0.0007511688446246098,0.0,0.0,0.0,0.0,0.0,0.0,0.0,0.0,0.004076583713164501,0.0,0.08038487186316673,0.0005727935262144441,0.0,0.0,0.0,0.0,0.0,0.0011202776734487716,0.0,0.0,0.0,0.0,0.0,malir
73,0.014980656844184707,0.15980281870478594,0.0,0.0,0.17102459278770085,0.014285583632855012,0.001966325532051106,0.0,0.011733933291263113,0.1297500480149258,0.0,0.0,0.23102953146578137,0.006466010005395963,0.0,0.0,0.0,0.0,0.0009602985156528658,0.0,0.0,0.0,0.0,0.0,0.0,0.0,0.0,0.0,0.0,0.0,0.0,0.0,0.02399831719117257,0.0,0.0,0.0,0.0,0.0,0.0,0.0,0.0,0.0,0.0,0.12532352914277353,0.008221984434018345,0.005057572182438427,0.0,0.0,quetta
74,0.012191376570657907,0.020123115544338956,0.0015222529343428275,0.0,0.34018347153787604,0.0,0.0,0.0,0.0,0.29894911135146685,0.0,0.0,0.022887206398803563,0.30303515870154496,0.0,0.0,0.0,0.0,0.0,0.0,0.0,0.0,0.0,0.0,0.0,0.0,0.0,0.0,0.0,0.0,0.0,0.0,0.0,0.0,0.0,0.0,0.0,0.0,0.0,0.0,0.0,0.0,0.0,0.0,0.0,0.0011083069609689007,0.0,0.0,pishin
75,0.004540627631916218,0.21082793218352924,0.0,0.0,0.26407045296422427,0.011058625361602402,0.0,0.0,0.0,0.05152147643633967,0.0,0.0,0.3740158921967117,0.0,0.0,0.0,0.0,0.0,0.0,0.0,0.0,0.0,0.0,0.0,0.0,0.0,0.0,0.0,0.0,0.0,0.0,0.0,0.0,0.0,0.0,0.0,0.0,0.0,0.0,0.0,0.0,0.0,0.0,0.0,0.012559961917316636,0.011186788238309715,0.0,0.0,loralai
76,0.0,0.008328690807799443,0.0,0.0,0.4088857938718663,0.01573816155988858,0.0,0.0,0.0,0.2,0.0,0.0,0.11835654596100278,0.0,0.1674651810584958,0.0,0.0,0.0,0.0,0.0,0.0,0.0,0.0,0.0,0.0,0.0,0.0,0.0,0.0,0.0,0.0,0.0,0.0,0.0,0.0,0.0,0.0,0.0,0.0,0.0,0.0,0.0,0.0,0.0,0.0,0.06016713091922005,0.0,0.0,zhob
77,0.0,0.0,0.0,0.0,0.0,0.0,0.0,0.0,0.0,0.0,0.0,0.0,0.4312067142764677,0.0,0.0,0.0,0.0,0.0,0.0,0.0,0.0,0.0,0.0,0.0,0.0,0.0,0.0,0.0,0.0,0.0,0.0,0.0,0.5687932857235324,0.0,0.0,0.0,0.0,0.0,0.0,0.0,0.0,0.0,0.0,0.0,0.0,0.0,0.0,0.0,kachhi
78,0.03857541946168387,0.01907024205824788,0.0,0.0,0.0903327255390689,0.0,0.0,0.0,0.0,0.16209705749510697,0.0,0.0,0.0,0.0,0.0,0.0,0.0,0.0,0.0,0.0,0.0,0.0,0.0,0.0,0.0,0.0,0.0,0.0,0.0,0.0,0.0,0.0,0.4897371986818113,0.0,0.0,0.0,0.0,0.0,0.0,0.0,0.0,0.0,0.0,0.0,0.03290453169173121,0.0,0.0,0.0,sibi
79,0.0,0.13900987896873204,0.0,0.0,0.04733749745148555,0.0,0.0,0.0,0.0,0.0,0.0,0.0,0.0,0.0,0.0,0.0,0.0,0.0,0.0,0.0,0.0,0.0,0.0,0.0,0.0,0.0,0.0,0.0,0.0,0.0,0.0,0.0,0.050210368283506016,0.0,0.0,0.0,0.0,0.0,0.0,0.0,0.0,0.0,0.0,0.24778974292439715,0.012140196096602598,0.0,0.11302429892684374,0.0,jaffarabad
80,0.0,0.0,0.0,0.0,0.2628339906996731,0.0,0.0,0.0,0.0,0.0,0.0,0.0,0.0,0.0,0.0,0.0,0.0,0.0,0.0,0.0,0.0,0.0,0.0,0.0,0.0,0.0,0.0,0.0,0.0,0.0,0.0,0.0,0.04625608127810433,0.0,0.0,0.0,0.0,0.0,0.0,0.0,0.0,0.0,0.0,0.41091790850074433,0.24808545250847927,0.0,0.0,0.015439156524808545,kalat
81,0.0,0.019292537870153552,0.022525229500383364,0.0,0.0,0.0,0.01655718341380525,0.0,0.0,0.0,0.0,0.0,0.0,0.0,0.0,0.0,0.0,0.0,0.0,0.0,0.0,0.0,0.0,0.0,0.0,0.0,0.0,0.0,0.0,0.0,0.0,0.0,0.0,0.0,0.0,0.0,0.0,0.0,0.0,0.0,0.0,0.0,0.0,0.530803821207286,0.41082122800837184,0.0,0.0,0.0,khuzdar
82,0.0,0.20123573328756544,0.0,0.0,0.0,0.0,0.0,0.0,0.0,0.0,0.0,0.0,0.5668239938213335,0.0,0.0,0.0,0.0,0.0,0.0,0.0,0.0,0.0,0.0,0.0,0.0,0.0,0.0,0.0,0.0,0.0,0.0,0.0,0.030532909980262594,0.0,0.0,0.0,0.0,0.0,0.0,0.0,0.0,0.0,0.0,0.09360679653308161,0.07369776023341629,0.0,0.0,0.0,lasbela
83,0.0,0.0,0.0,0.0,0.07258904109589041,0.0,0.0,0.0,0.0,0.0,0.0,0.0,0.0,0.0,0.0,0.0,0.0,0.0,0.0,0.0,0.0,0.0,0.0,0.0,0.0,0.0,0.0,0.0,0.0,0.0,0.0,0.0,0.0,0.0,0.0,0.0,0.0,0.0,0.0,0.0,0.0,0.0,0.0,0.5457260273972603,0.3816849315068493,0.0,0.0,0.0,turbat
